,covid,covid19,litcovid,thcovid,healthcare,healthcares,innovation,innovationand,innovations,20policy,policy,policymaker,policymakers,policymaking
0,1,0,0,0,0,0,4,0,0,0,0,0,0,0
1,5,0,0,0,0,0,1,0,0,0,1,0,0,0
2,2,0,0,0,0,0,2,0,0,0,0,0,0,0
3,4,0,0,0,0,0,0,0,0,0,0,0,0,0
4,1,0,0,0,0,0,9,0,0,0,1,0,0,0
5,2,0,0,0,0,0,0,0,0,0,1,0,0,0
6,0,0,0,0,0,0,0,0,1,0,0,0,0,0
7,3,0,0,0,0,0,0,0,0,0,1,0,0,0
8,2,0,0,0,0,0,10,0,0,0,3,0,0,0
9,1,0,0,0,0,0,4,0,0,0,1,0,0,0
10,2,0,0,0,0,0,1,0,0,0,0,0,0,0
11,2,0,0,0,8,0,0,0,1,0,1,0,0,0
12,4,0,0,0,1,0,3,0,3,0,0,0,0,0
13,0,0,0,0,0,0,0,0,1,0,1,0,0,0
14,2,0,0,0,0,0,1,0,0,0,0,0,0,0
15,1,0,0,0,0,0,1,0,0,0,0,0,2,0
16,3,0,0,0,4,0,0,0,1,0,1,0,0,0
17,2,0,0,0,0,0,2,0,0,0,0,0,0,0
18,1,0,0,0,16,0,6,0,2,0,1,0,0,0
19,11,0,0,0,0,0,1,0,0,0,1,0,0,0
20,3,0,0,0,0,0,3,0,2,0,0,0,0,0
21,1,0,0,0,0,0,4,0,0,0,1,0,0,0
22,3,0,0,0,0,0,0,0,1,0,0,0,0,0
23,2,0,0,0,0,0,0,0,1,0,1,0,0,0
24,1,0,0,0,0,0,1,0,0,0,2,0,0,0
25,1,0,0,0,0,0,1,0,0,0,1,0,0,0
26,5,0,0,0,0,0,2,0,0,0,2,0,0,0
27,1,0,0,0,2,0,1,0,0,0,0,0,0,0
28,1,0,0,0,0,0,2,0,0,0,2,0,0,0
29,2,0,0,0,0,0,0,0,1,0,0,0,0,0
30,2,0,0,0,0,0,0,0,0,0,1,1,0,0
31,3,0,0,0,0,0,0,0,1,0,2,0,0,0
32,1,0,0,0,0,0,0,0,0,0,1,0,0,0
33,1,0,0,0,0,0,0,0,1,0,1,0,0,0
34,3,0,0,0,7,0,1,0,0,0,1,0,0,0
35,1,0,0,0,0,0,4,0,2,0,1,0,0,0
36,1,0,0,0,0,0,6,0,0,0,6,0,1,0
37,0,0,0,0,0,0,1,0,0,0,2,0,0,0
38,2,0,0,0,0,0,1,0,1,0,0,0,0,0
39,4,0,0,0,0,0,0,0,0,0,9,0,0,1
40,1,0,0,0,0,0,1,0,0,0,0,0,0,0
41,1,0,0,0,0,0,0,0,1,0,1,0,0,0
42,1,0,0,0,0,0,0,0,0,0,1,0,0,0
43,3,0,0,0,0,0,0,0,1,0,1,0,0,0
44,1,0,0,0,0,0,7,0,0,0,0,0,0,0
45,2,0,0,0,2,0,1,0,0,0,1,0,0,0
46,3,0,0,0,0,0,0,0,1,0,1,0,1,0
47,1,0,0,0,0,0,0,0,0,0,1,0,0,0
48,1,0,0,0,0,0,0,0,0,0,1,0,0,0
49,1,0,0,0,0,0,0,0,1,0,1,0,0,0
50,2,0,0,0,0,0,1,0,0,0,0,0,0,0
51,1,0,0,0,1,0,1,0,0,0,1,0,0,0
52,1,0,0,0,1,0,0,0,1,0,1,0,0,0
53,1,0,0,0,0,0,1,0,0,0,0,0,0,0
54,1,0,0,0,0,0,1,0,0,0,1,0,0,0
55,1,0,0,0,0,0,0,0,0,0,0,0,0,0
56,1,0,0,0,1,0,1,0,0,0,1,0,0,0
57,1,0,0,0,0,0,0,0,0,0,1,0,0,0
58,2,0,0,0,0,0,1,0,1,0,0,0,0,0
59,5,0,0,0,0,0,0,0,1,0,0,0,0,0
60,3,0,0,0,0,0,0,0,1,0,3,0,0,0
61,1,0,0,0,0,0,1,0,0,0,1,0,0,0
62,3,0,0,0,0,0,0,0,1,0,1,0,0,0
63,5,0,0,0,0,0,2,0,1,0,1,0,0,0
64,1,0,0,0,1,0,3,0,0,0,5,0,0,0
65,1,0,0,0,0,0,0,0,0,0,1,0,0,0
66,1,0,0,0,0,0,1,0,0,0,1,0,0,0
67,1,0,0,0,0,0,4,0,0,0,0,0,0,0
68,2,0,0,0,0,0,2,0,0,0,2,0,0,0
69,1,0,0,0,0,0,1,0,0,0,1,0,0,0
70,1,0,0,0,0,0,1,0,0,0,6,0,0,0
71,2,0,0,0,1,0,1,0,0,0,1,0,0,0
72,2,0,0,0,16,0,0,0,0,0,0,0,0,0
73,3,0,0,0,1,0,0,0,0,0,0,0,0,0
74,1,0,0,0,0,0,0,0,1,0,4,0,0,0
75,1,0,0,0,0,0,2,0,0,0,3,0,0,0
76,3,0,0,0,0,0,0,0,3,0,2,0,0,0
77,1,0,0,0,1,0,0,0,0,0,0,0,0,0
78,0,0,0,0,2,0,1,0,0,0,2,0,0,0
79,2,0,0,0,0,0,0,0,1,0,3,0,0,0
80,2,0,0,0,0,0,5,0,3,0,1,0,0,0
81,1,0,0,0,0,0,1,0,0,0,0,0,0,0
82,2,0,0,0,0,0,2,0,0,0,0,0,0,0
83,1,0,0,0,2,0,1,0,0,0,1,0,0,0
84,2,0,0,0,0,0,0,0,1,0,8,0,2,0
85,1,0,0,0,0,0,0,0,1,0,2,0,0,0
86,3,0,0,0,2,0,0,0,0,0,0,0,0,0
87,1,0,0,0,0,0,1,0,0,0,1,0,0,0
88,3,0,0,0,0,0,3,0,0,0,1,0,0,0
89,1,0,0,0,0,0,0,0,1,0,1,0,0,0
90,1,0,0,0,0,0,2,0,0,0,0,0,0,0
91,1,0,0,0,0,0,0,0,0,0,0,0,0,0
92,1,0,0,0,0,0,7,0,0,0,1,0,0,0
93,1,0,0,0,0,0,6,0,0,0,0,0,1,0
94,1,0,0,0,0,0,0,0,1,0,1,0,0,0
95,1,0,0,0,0,0,0,0,1,0,0,0,0,0
96,1,0,0,0,0,0,1,0,0,0,0,0,0,0
97,1,0,0,0,0,0,1,0,0,0,1,0,0,0
98,2,0,0,0,0,0,4,0,0,0,1,0,0,0
99,2,0,0,0,0,0,0,0,1,0,1,0,0,0
100,3,0,0,0,0,0,2,0,0,0,2,0,0,0
101,0,0,0,0,0,0,1,0,1,0,2,0,0,0
102,1,0,0,0,0,0,1,0,0,0,2,0,0,0
103,1,0,0,0,0,0,1,0,0,0,0,0,0,0
104,1,0,0,0,0,0,6,0,0,0,5,0,0,0
105,3,0,0,0,0,0,0,0,1,0,0,0,0,0
106,1,0,0,0,1,0,0,0,4,0,0,0,0,0
107,1,0,0,0,0,0,1,0,0,0,0,0,0,0
108,1,0,0,0,0,0,1,0,0,0,1,0,0,0
109,2,0,0,0,0,0,0,0,0,0,0,0,0,0
110,2,0,0,0,0,0,1,0,0,0,1,0,0,0
111,3,0,0,0,0,0,1,0,0,0,1,0,0,0
112,2,0,0,0,1,0,1,0,0,0,2,0,0,0
113,1,0,0,0,0,0,0,0,1,0,1,0,0,0
114,10,0,0,0,1,0,3,0,0,0,1,0,0,0
115,1,0,0,0,0,0,1,0,0,0,1,0,0,0
116,2,0,0,0,0,0,0,0,1,0,1,0,0,0
117,2,0,0,0,0,0,5,0,0,0,1,0,0,0
118,2,0,0,0,2,0,0,0,1,0,0,0,0,0
119,2,0,0,0,0,0,0,0,0,0,1,0,0,0
120,1,0,0,0,0,0,1,0,0,0,1,0,0,0
121,3,0,0,0,0,0,1,0,0,0,2,0,0,0
122,1,0,0,0,0,0,1,0,0,0,1,0,1,3
123,14,0,0,0,0,0,1,0,0,0,1,0,2,0
124,1,0,0,0,3,0,0,0,1,0,0,0,0,0
125,2,0,0,0,1,0,0,0,0,0,0,0,0,0
126,1,0,0,0,0,0,0,0,1,0,1,0,0,0
127,1,0,0,0,0,0,1,0,0,0,1,0,0,0
128,2,0,0,0,0,0,1,0,0,0,1,0,0,0
129,4,0,0,0,2,0,0,0,1,0,0,0,0,0
130,1,0,0,0,0,0,1,0,0,0,2,0,0,0
131,2,0,0,0,0,0,2,0,0,0,0,0,0,0
132,1,0,0,0,0,0,2,0,0,0,1,0,0,0
133,1,0,0,0,0,0,1,0,0,0,2,0,0,0
134,1,0,0,0,0,0,4,0,0,0,1,0,0,0
135,1,0,0,0,0,0,0,0,1,0,1,0,0,0
136,3,0,0,0,0,0,3,0,0,0,2,0,0,0
137,2,0,0,0,0,0,1,0,0,0,1,0,0,0
138,1,0,0,0,0,0,0,0,0,0,0,0,0,0
139,4,0,0,0,0,0,0,0,1,0,0,0,0,0
140,1,0,0,0,0,0,2,0,0,0,1,0,1,0
141,2,0,0,0,0,0,1,0,0,0,1,0,0,0
142,0,0,0,0,4,0,1,0,0,0,2,0,0,0
143,0,0,0,0,0,0,0,0,0,0,2,0,0,0
144,2,0,0,0,0,0,1,0,0,0,1,0,0,0
145,2,0,0,0,0,0,0,0,0,0,1,0,0,0
146,5,0,0,0,0,0,1,0,0,0,1,0,0,0
147,1,0,0,0,0,0,5,0,0,0,0,0,0,0
148,1,0,0,0,0,0,2,0,0,0,1,0,0,1
149,1,0,0,0,0,0,1,0,0,0,3,0,0,0
150,1,0,0,0,0,0,2,0,0,0,1,0,0,0
151,1,0,0,0,0,0,1,0,0,0,1,0,0,0
152,1,0,0,0,0,0,0,0,1,0,0,0,0,0
153,1,0,0,0,0,0,1,0,0,0,1,0,0,0
154,1,0,0,0,1,0,1,0,0,0,1,0,0,0
155,6,0,0,0,2,0,1,0,1,0,2,0,0,0
156,3,0,0,0,0,0,1,0,0,0,1,0,0,0
157,1,0,0,0,0,0,1,0,0,0,1,0,0,0
158,1,0,0,0,0,0,0,0,1,0,2,0,0,0
159,1,0,0,0,0,0,6,0,0,0,0,0,0,0
160,1,0,0,0,0,0,1,0,0,0,0,0,1,0
161,2,0,0,0,0,0,2,0,0,0,0,0,0,0
162,1,0,0,0,0,0,2,0,0,0,0,0,0,0
163,1,0,0,0,0,0,2,0,2,0,0,0,0,0
164,5,0,0,0,0,0,1,0,0,0,1,0,0,0
165,2,0,0,0,0,0,1,0,0,0,1,0,0,0
166,3,0,0,0,0,0,1,0,0,0,1,0,1,0
167,3,0,0,0,0,0,2,0,4,0,1,0,0,0
168,3,0,0,0,0,0,0,0,0,0,1,0,0,0
169,5,0,0,0,0,0,2,0,0,0,0,0,0,0
170,1,0,0,0,0,0,2,0,1,0,1,0,0,0
171,2,0,0,0,0,0,2,0,0,0,0,0,0,0
172,6,0,0,0,0,0,0,0,4,0,3,0,0,0
173,3,0,0,0,0,0,0,0,1,0,0,0,0,0
174,1,0,0,0,0,0,1,0,0,0,1,0,2,0
175,1,0,0,0,0,0,8,0,1,0,1,0,0,0
176,2,0,0,0,0,0,0,0,1,0,1,0,0,0
177,1,0,0,0,2,0,9,0,1,0,0,0,0,0
178,1,0,0,0,0,0,0,0,1,0,0,0,0,0
179,2,0,0,0,0,0,7,0,1,0,1,0,0,0
180,3,0,0,0,0,0,1,0,0,0,0,0,0,0
181,1,0,0,0,0,0,0,0,2,0,1,0,0,0
182,1,0,0,0,0,0,0,0,1,0,1,0,0,0
183,1,0,0,0,0,0,3,0,0,0,1,0,0,0
184,9,0,0,0,0,0,0,0,2,0,0,0,0,0
185,1,0,0,0,0,0,4,0,1,0,1,0,1,0
186,1,0,0,0,0,0,0,0,0,0,0,0,0,0
187,5,0,0,0,0,0,1,0,0,0,1,0,0,0
188,0,0,0,0,0,0,0,0,2,0,3,0,0,0
189,6,0,0,0,0,0,0,0,1,0,1,0,0,0
190,5,0,0,0,4,0,2,0,0,0,1,0,0,0
191,4,0,0,0,4,0,0,0,2,0,0,0,1,0
192,1,0,0,0,0,0,3,0,0,0,1,0,0,0
193,1,0,0,0,0,0,1,0,0,0,3,0,0,0
194,2,0,0,0,0,0,0,0,1,0,0,0,0,0
195,1,0,0,0,0,0,1,0,0,0,2,0,0,0
196,2,0,0,0,0,0,0,0,1,0,0,0,0,0
197,1,0,0,0,0,0,1,0,0,0,1,0,0,0
198,1,0,0,0,0,0,0,0,1,0,0,0,1,0
199,2,0,0,0,0,0,1,0,0,0,3,0,0,0
200,1,0,0,0,0,0,1,0,0,0,0,0,0,0
201,2,0,0,0,0,0,2,0,1,0,1,0,0,0
202,2,0,0,0,0,0,1,0,0,0,0,0,0,0
203,1,0,0,0,0,0,1,0,0,0,1,0,0,0
204,1,0,0,0,0,0,0,0,0,0,1,0,0,0
205,1,0,0,0,0,0,1,0,0,0,1,0,0,0
206,1,0,0,0,0,0,1,0,0,0,1,0,0,0
207,5,0,0,0,0,0,0,0,0,0,0,0,0,0
208,1,0,0,0,0,0,1,0,0,0,0,0,0,0
209,1,0,0,0,5,0,6,0,0,0,0,0,0,0
210,1,0,0,0,0,0,1,0,0,0,1,0,0,0
211,1,0,0,0,0,0,1,0,0,0,3,0,0,0
212,1,0,0,0,0,0,0,0,1,0,0,0,0,0
213,2,0,0,0,1,0,1,0,0,0,0,0,0,0
214,6,0,0,0,0,0,1,0,0,0,2,0,0,0
215,1,0,0,0,0,0,1,0,0,0,1,0,0,0
216,2,0,0,0,1,0,0,0,1,0,1,0,0,0
217,0,0,0,0,0,0,1,0,0,0,1,0,0,0
218,1,0,0,0,0,0,0,0,0,0,0,0,0,0
219,2,0,0,0,0,0,0,0,0,0,0,0,0,0
220,3,0,0,0,0,0,0,0,0,0,1,0,3,0
221,1,0,0,0,0,0,1,0,0,0,1,0,0,0
222,1,0,0,0,0,0,1,0,0,0,0,0,0,0
223,2,0,0,0,0,0,1,0,0,0,0,0,0,0
224,4,0,0,0,1,0,0,0,1,0,1,0,0,0
225,1,0,0,0,0,0,8,0,0,0,6,0,0,0
226,3,0,0,0,0,0,0,0,1,0,1,0,0,0
227,1,0,0,0,0,0,1,0,0,0,2,0,0,0
228,2,0,0,0,0,0,2,0,4,0,0,0,0,0
229,1,0,0,0,0,0,3,0,0,0,0,0,0,0
230,3,0,0,0,1,0,1,0,0,0,1,0,0,0
231,1,0,0,0,0,0,3,0,0,0,1,0,0,0
232,1,0,0,0,0,0,1,0,1,0,1,0,0,0
233,2,0,0,0,0,0,1,0,0,0,2,0,0,0
234,1,0,0,0,0,0,1,0,0,0,2,0,0,0
235,1,0,0,0,0,0,0,0,0,0,0,0,0,0
236,1,0,0,0,0,0,1,0,0,0,2,0,0,0
237,1,0,0,0,0,0,1,0,0,0,2,0,0,0
238,1,0,0,0,0,0,1,0,0,0,1,0,0,0
239,1,0,0,0,3,0,1,0,0,0,0,0,0,0
240,1,0,0,0,2,0,2,0,0,0,4,0,0,0
241,1,0,0,0,0,0,17,0,0,0,4,0,0,0
242,4,0,0,0,2,0,1,0,0,0,1,0,0,0
243,3,0,0,0,1,0,3,0,0,0,1,0,0,0
244,1,0,0,0,0,0,1,0,0,0,0,0,0,0
245,1,0,0,0,0,0,0,0,1,0,0,0,1,0
246,1,0,0,0,0,0,1,0,0,0,2,0,0,0
247,1,0,0,0,0,0,0,0,2,0,1,0,0,0
248,1,0,0,0,0,0,1,0,0,0,0,0,0,0
249,7,0,0,0,0,0,0,0,5,0,1,0,0,0
250,4,0,0,0,0,0,3,0,0,0,0,0,1,0
251,1,0,0,0,0,0,1,0,0,0,1,0,1,0
252,0,0,0,0,0,0,1,0,0,0,0,0,0,0
253,4,0,0,0,0,0,0,0,1,0,0,0,1,0
254,8,0,0,0,0,0,0,0,2,0,1,0,0,0
255,3,0,0,0,0,0,0,0,0,0,0,0,1,0
256,0,0,0,0,0,0,2,0,0,0,1,0,0,0
257,1,0,0,0,0,0,0,0,1,0,1,0,0,0
258,1,0,0,0,0,0,1,0,0,0,1,0,0,0
259,4,0,0,0,0,0,0,0,0,0,1,0,0,0
260,3,0,0,0,2,0,0,0,0,0,0,0,2,0
261,1,0,0,0,0,0,1,0,0,0,1,0,0,0
262,1,0,0,0,0,0,0,0,0,0,0,0,1,0
263,0,0,0,0,0,0,1,0,0,0,3,0,0,0
264,1,0,0,0,0,0,1,0,0,0,0,0,0,0
265,1,0,0,0,0,0,0,0,1,0,0,0,0,0
266,1,0,0,0,2,0,4,0,0,0,1,0,0,0
267,1,0,0,0,0,0,0,0,1,0,0,0,0,0
268,1,0,0,0,1,0,1,0,0,0,1,0,0,0
269,4,0,0,0,0,0,1,0,0,0,2,0,1,0
270,3,0,0,0,1,0,1,0,1,0,1,0,0,0
271,2,0,0,0,0,0,0,0,1,0,1,0,0,0
272,1,0,0,0,0,0,1,0,0,0,1,0,0,0
273,8,0,0,0,0,0,0,0,1,0,1,0,0,0
274,0,0,0,0,0,0,1,0,0,0,0,0,0,0
275,1,0,0,0,0,0,0,0,3,0,1,0,0,0
276,3,0,0,0,0,0,1,0,1,0,2,0,0,0
277,1,0,0,0,0,0,0,0,0,0,1,0,0,0
278,10,0,0,0,0,0,0,0,1,0,1,0,0,0
279,1,0,0,0,1,0,1,0,0,0,1,0,0,0
280,1,0,0,0,0,0,1,0,0,0,1,0,0,0
281,5,0,0,0,0,0,0,0,1,0,1,0,0,0
282,0,0,0,0,0,0,0,0,0,0,0,0,0,0
283,2,0,0,0,0,0,3,0,0,0,0,0,0,0
284,1,0,0,0,0,0,7,0,0,0,0,0,1,1
285,8,0,0,0,3,0,1,0,7,0,2,0,0,0
286,1,0,0,0,0,0,0,0,1,0,0,0,0,0
287,2,0,0,0,0,0,1,0,0,0,4,0,1,0
288,0,0,0,0,0,0,0,0,1,0,1,0,0,0
289,1,0,0,0,0,0,0,0,0,0,2,0,1,0
290,1,0,0,0,0,0,1,0,0,0,1,0,0,0
291,1,0,0,0,0,0,0,0,0,0,0,0,1,0
292,2,0,0,0,0,0,0,0,2,0,1,0,0,0
293,1,0,0,0,0,0,1,0,0,0,2,0,0,0
294,3,0,0,0,0,0,0,0,5,0,0,0,0,0
295,3,0,0,0,0,0,0,0,1,0,0,0,0,0
296,2,0,0,0,0,0,2,0,0,0,1,0,0,0
297,2,0,0,0,0,0,1,0,0,0,1,0,0,0
298,1,0,0,0,0,0,1,0,0,0,1,0,0,0
299,3,0,0,0,1,0,1,0,0,0,1,0,0,0
300,6,0,0,0,0,0,1,0,0,0,1,0,0,0
301,7,0,0,0,5,0,0,0,1,0,0,0,0,0
302,0,0,0,0,6,0,7,0,2,0,0,0,0,0
303,1,0,0,0,0,0,1,0,0,0,5,0,0,0
304,1,0,0,0,0,0,2,0,0,0,1,0,0,0
305,5,0,0,0,0,0,0,0,1,0,1,0,1,0
306,1,0,0,0,0,0,0,0,1,0,4,0,0,0
307,1,0,0,0,0,0,1,0,0,0,2,0,0,0
308,1,0,0,0,0,0,0,0,1,0,1,0,0,0
309,1,0,0,0,0,0,1,0,0,0,0,0,0,0
310,1,0,0,0,0,0,2,0,1,0,2,0,0,0
311,5,0,0,0,0,0,0,0,1,0,1,0,0,0
312,1,0,0,0,0,0,3,0,0,0,0,0,1,0
313,2,0,0,0,0,0,0,0,1,0,0,0,0,0
314,1,0,0,0,0,0,1,0,0,0,1,0,0,0
315,1,0,0,0,0,0,1,0,0,0,2,0,0,0
316,1,0,0,0,0,0,0,0,1,0,1,0,0,0
317,1,0,0,0,0,0,1,0,0,0,0,0,0,0
318,4,0,0,0,0,0,2,0,0,0,0,0,0,0
319,1,0,0,0,0,0,1,0,0,0,1,0,0,0
320,2,0,0,0,0,0,0,0,1,0,1,0,0,0
321,5,0,0,0,0,0,2,0,0,0,7,0,0,0
322,5,0,0,0,0,0,1,0,0,0,5,0,0,0
323,1,0,0,0,0,0,1,0,0,0,13,0,0,0
324,4,0,0,0,0,0,3,0,0,0,2,0,0,0
325,2,0,0,0,0,0,2,0,0,0,1,0,0,0
326,6,0,0,0,0,0,0,0,1,0,1,0,0,0
327,2,0,0,0,0,0,0,0,1,0,0,0,0,0
328,1,0,0,0,0,0,1,0,0,0,0,0,0,0
329,1,0,0,0,2,0,1,0,0,0,2,0,0,0
330,1,0,0,0,0,0,2,0,0,0,2,0,0,0
331,4,0,0,0,0,0,0,0,1,0,0,0,0,0
332,1,0,0,0,0,0,3,0,0,0,1,0,0,0
333,1,0,0,0,0,0,0,0,0,0,1,0,0,0
334,4,0,0,0,0,0,7,0,0,0,0,0,0,0
335,1,0,0,0,0,0,1,0,0,0,1,0,0,0
336,0,0,0,0,0,0,4,0,0,0,0,0,1,0
337,1,0,0,0,4,0,0,0,0,0,1,0,0,0
338,1,0,0,0,0,0,5,0,0,0,0,0,0,0
339,1,0,0,0,0,0,4,0,1,0,2,0,0,0
340,0,0,0,0,0,0,2,0,0,0,0,0,0,0
341,4,0,0,0,0,0,1,0,1,0,2,0,0,0
342,5,0,0,0,0,0,0,0,1,0,2,0,0,0
343,2,0,0,0,0,0,1,0,0,0,1,0,0,0
344,1,0,0,0,1,0,1,0,0,0,0,0,0,0
345,2,0,0,0,0,0,5,0,0,0,1,0,1,0
346,1,0,0,0,0,0,0,0,1,0,0,0,0,0
347,3,0,0,0,0,0,2,0,7,0,1,0,0,0
348,3,0,0,0,0,0,0,0,1,0,1,0,0,0
349,0,0,0,0,0,0,0,0,0,0,0,0,0,0
350,2,0,0,0,0,0,0,0,0,0,1,0,0,0
351,7,0,0,0,1,0,1,0,3,0,1,0,0,0
352,2,0,0,0,0,0,1,0,0,0,0,0,0,0
353,1,0,0,0,0,0,0,0,0,0,1,0,0,0
354,1,0,0,0,0,0,1,0,0,0,1,0,0,0
355,3,0,0,0,0,0,1,0,0,0,2,0,0,0
356,0,0,0,0,0,0,4,0,0,0,1,0,0,0
357,1,0,0,0,0,0,1,0,0,0,0,0,0,0
358,3,0,0,0,0,0,2,0,0,0,1,0,0,0
359,5,0,0,0,1,0,5,0,0,0,0,0,0,0
360,1,0,0,0,0,0,1,0,0,0,1,0,0,0
361,1,0,0,0,0,0,1,0,0,0,1,0,0,0
362,1,0,0,0,0,0,2,0,0,0,1,0,0,0
363,2,0,0,0,0,0,2,0,0,0,1,0,0,0
364,6,0,0,0,0,0,1,0,0,0,5,0,0,0
365,2,0,0,0,0,0,2,0,0,0,1,0,0,0
366,5,0,0,0,0,0,1,0,0,0,1,0,0,0
367,5,0,0,0,0,0,4,0,1,0,8,0,0,0
368,1,0,0,0,0,0,1,0,0,0,0,0,0,0
369,2,0,0,0,0,0,1,0,0,0,0,0,1,0
370,1,0,0,0,0,0,3,0,0,0,0,0,0,0
371,1,0,0,0,0,0,2,0,0,0,0,0,0,0
372,3,0,0,0,0,0,1,0,0,0,1,0,0,0
373,2,0,0,0,0,0,0,0,2,0,0,0,0,0
374,1,0,0,0,0,0,1,0,0,0,0,0,0,0
375,1,0,0,0,0,0,1,0,0,0,1,0,0,0
376,1,0,0,0,0,0,0,0,2,0,0,0,0,0
377,5,0,0,0,0,0,2,0,0,0,2,0,0,0
378,0,0,0,0,0,0,0,0,0,0,3,0,0,0
379,2,0,0,0,0,0,1,0,0,0,2,0,0,0
380,3,0,0,0,0,0,1,0,0,0,5,0,0,0
381,6,0,0,0,0,0,7,0,0,0,4,0,0,0
382,1,0,0,0,0,0,2,0,0,0,0,0,0,0
383,3,0,0,0,0,0,0,0,1,0,2,0,0,0
384,3,0,0,0,0,0,0,0,1,0,2,0,0,0
385,1,0,0,0,0,0,11,0,0,0,1,0,1,0
386,1,0,0,0,0,0,8,0,0,0,6,0,0,0
387,1,0,0,0,0,0,1,0,0,0,1,0,0,0
388,3,0,0,0,0,0,1,0,0,0,1,0,0,0
389,6,0,0,0,3,0,2,0,0,0,0,0,0,0
390,2,0,0,0,0,0,0,0,0,0,0,0,0,0
391,1,0,0,0,0,0,0,0,0,0,0,0,0,0
392,3,0,0,0,0,0,0,0,0,0,0,0,0,0
393,2,0,0,0,0,0,2,0,0,0,0,0,1,0
394,1,0,0,0,0,0,1,0,0,0,0,0,0,0
395,12,0,0,0,0,0,1,0,0,0,1,0,0,0
396,4,0,0,0,3,0,2,0,1,0,1,0,0,0
397,4,0,0,0,0,0,0,0,1,0,2,0,0,0
398,2,0,0,0,0,0,1,0,0,0,0,0,0,0
399,6,0,0,0,2,0,1,0,0,0,1,0,0,0
400,3,0,0,0,0,0,2,0,0,0,4,0,0,0
401,1,0,0,0,0,0,0,0,1,0,0,0,0,0
402,8,0,0,0,0,0,1,0,0,0,1,0,0,0
403,2,0,0,0,0,0,3,0,0,0,0,0,0,0
404,3,0,0,0,0,0,1,0,0,0,2,0,0,0
405,2,0,0,0,0,0,0,0,1,0,0,0,0,2
406,1,0,0,0,0,0,3,0,0,0,0,0,0,0
407,2,0,0,0,0,0,1,0,0,0,1,0,0,0
408,5,0,0,0,0,0,1,0,0,0,1,0,1,0
409,1,0,0,0,0,0,0,0,1,0,0,0,0,0
410,3,0,0,0,1,0,2,0,0,0,1,0,0,0
411,1,0,0,0,0,0,0,0,2,0,1,0,0,0
412,1,0,0,0,0,0,7,0,0,0,0,0,0,0
413,1,0,0,0,0,0,3,0,0,0,0,0,0,0
414,1,0,0,0,2,0,1,0,0,0,1,0,0,0
415,1,0,0,0,0,0,0,0,1,0,7,0,0,0
416,2,0,0,0,0,0,1,0,0,0,1,0,0,0
417,1,0,0,0,0,0,0,0,1,0,1,0,0,0
418,1,0,0,0,0,0,1,0,0,0,1,0,0,0
419,4,0,0,0,0,0,2,0,6,0,1,0,0,0
420,1,0,0,0,0,0,1,0,0,0,1,0,0,0
421,1,0,0,0,0,0,0,0,0,0,0,0,0,0
422,1,0,0,0,0,0,0,0,1,0,1,0,1,0
423,4,0,0,0,0,0,1,0,0,0,0,0,0,0
424,3,0,0,0,0,0,0,0,1,0,1,0,0,0
425,2,0,0,0,0,0,4,0,0,0,0,0,0,0
426,2,0,0,0,0,0,6,0,0,0,1,0,0,0
427,1,0,0,0,0,0,2,0,0,0,1,0,0,0
428,2,0,0,0,0,0,1,0,0,0,0,0,0,0
429,2,0,0,0,0,0,1,0,0,0,1,0,0,0
430,2,0,0,0,0,0,0,0,1,0,1,0,0,0
431,0,0,0,0,0,0,0,0,1,0,1,0,0,0
432,1,0,0,0,0,0,1,0,0,0,1,0,0,0
433,0,0,0,0,0,0,1,0,0,0,0,0,0,0
434,6,0,0,0,1,0,1,0,0,0,1,0,0,0
435,0,0,0,0,0,0,1,0,0,0,1,0,0,0
436,1,0,0,0,0,0,1,0,0,0,2,0,0,0
437,6,0,0,0,0,0,1,0,0,0,2,0,0,0
438,1,0,0,0,0,0,5,0,3,0,0,0,0,0
439,4,0,0,0,0,0,1,0,0,0,3,0,0,0
440,1,0,0,0,0,0,1,0,0,0,1,0,0,0
441,0,0,0,0,0,0,1,0,0,0,0,0,0,0
442,1,0,0,0,0,0,1,0,0,0,0,0,0,0
443,1,0,0,0,0,0,1,0,0,0,1,0,0,0
444,4,0,0,0,0,0,6,0,0,0,2,0,0,0
445,0,0,0,0,0,0,1,0,0,0,1,0,0,0
446,1,0,0,0,0,0,0,0,0,0,0,0,0,0
447,2,0,0,0,0,0,1,0,0,0,0,0,0,0
448,3,0,0,0,0,0,1,0,0,0,1,0,0,0
449,12,0,0,0,0,0,1,0,1,0,1,0,0,0
450,2,0,0,0,0,0,3,0,0,0,0,0,2,0
451,2,0,0,0,0,0,0,0,1,0,2,0,0,0
452,1,0,0,0,0,0,1,0,0,0,0,0,0,0
453,1,0,0,0,0,0,2,0,0,0,1,0,0,0
454,4,0,0,0,0,0,1,0,1,0,1,0,0,0
455,0,0,0,0,0,0,1,0,0,0,1,0,0,0
456,1,0,0,0,0,0,2,0,0,0,7,0,0,0
457,1,0,0,0,0,0,2,0,0,0,0,0,0,0
458,1,0,0,0,4,0,1,0,0,0,1,0,0,2
459,2,0,0,0,0,0,1,0,0,0,1,0,0,0
460,4,0,0,0,1,0,1,0,1,0,0,0,0,0
461,5,0,0,0,0,0,1,0,0,0,1,0,0,0
462,0,0,0,0,0,0,2,0,0,0,1,0,0,0
463,1,0,0,0,0,0,0,0,1,0,0,0,0,0
464,1,0,0,0,0,0,0,0,1,0,3,0,0,0
465,3,0,0,0,0,0,0,0,0,0,1,0,0,0
466,1,0,0,0,5,0,0,0,0,0,0,0,0,0
467,1,0,0,0,0,0,0,0,1,0,1,0,0,0
468,3,0,0,0,0,0,2,0,0,0,1,0,0,0
469,1,0,0,0,0,0,1,0,1,0,0,0,0,0
470,1,0,0,0,0,0,1,0,0,0,0,0,1,0
471,0,0,0,0,0,0,1,0,0,0,0,0,0,0
472,5,0,0,0,0,0,0,0,1,0,0,0,0,0
473,2,0,0,0,0,0,1,0,0,0,1,0,0,0
474,1,0,0,0,0,0,0,0,1,0,1,0,0,0
475,3,0,0,0,0,0,0,0,1,0,1,0,0,0
476,1,0,0,0,1,0,4,0,0,0,2,0,0,0
477,4,0,0,0,0,0,1,0,0,0,1,0,0,0
478,1,0,0,0,0,0,5,0,0,0,0,0,1,0
479,2,0,0,0,1,0,3,0,0,0,1,0,0,0
480,1,0,0,0,0,0,1,0,0,0,0,0,0,0
481,2,0,0,0,0,0,3,0,3,0,0,0,0,0
482,2,0,0,0,0,0,1,0,0,0,1,0,0,0
483,1,0,0,0,0,0,1,0,0,0,2,0,0,0
484,1,0,0,0,0,0,0,0,0,0,3,0,0,0
485,4,0,0,0,0,0,1,0,0,0,1,0,0,0
486,1,0,0,0,0,0,0,0,1,0,5,0,0,0
487,1,0,0,0,0,0,2,0,0,0,0,0,0,0
488,0,0,0,0,0,0,0,0,1,0,1,0,0,0
489,2,0,0,0,0,0,2,0,0,0,2,0,0,0
490,1,0,0,0,0,0,0,0,1,0,1,0,0,0
491,1,0,0,0,0,0,2,0,0,0,0,0,0,0
492,3,0,0,0,0,0,1,0,1,0,1,0,0,0
493,1,0,0,0,0,0,1,0,0,0,1,0,0,0
494,6,0,0,0,0,0,0,0,1,0,1,0,0,0
495,1,0,0,0,0,0,1,0,0,0,3,0,0,0
496,1,0,0,0,0,0,0,0,0,0,2,0,0,0
497,3,0,0,0,0,0,0,0,0,0,1,0,0,0
498,1,0,0,0,0,0,0,0,1,0,1,0,0,0
499,1,0,0,0,0,0,2,0,0,0,1,0,0,0
500,1,0,0,0,0,0,1,0,0,0,1,0,0,0
501,3,0,0,0,0,0,0,0,0,0,0,0,0,0
502,2,0,0,0,0,0,5,0,0,0,1,0,0,0
503,1,0,0,0,0,0,1,0,0,0,1,0,1,0
504,7,0,0,0,0,0,1,0,0,0,1,0,2,0
505,2,0,0,0,0,0,1,0,0,0,1,0,0,0
506,3,0,0,0,0,0,1,0,1,0,0,0,0,0
507,0,0,0,0,0,0,1,0,0,0,1,0,0,0
508,1,0,0,0,0,0,2,0,0,0,0,0,1,0
509,1,0,0,0,0,0,1,0,0,0,2,0,0,0
510,3,0,0,0,0,0,1,0,0,0,1,0,0,0
511,1,0,0,0,0,0,0,0,0,0,0,0,0,0
512,1,0,0,0,0,0,0,0,1,0,0,0,0,0
513,7,0,0,0,2,0,1,0,0,0,0,0,0,0
514,1,0,0,0,0,0,0,0,2,0,0,0,0,0
515,1,0,0,0,0,0,1,0,0,0,2,0,0,0
516,2,0,0,0,4,0,4,0,0,0,1,0,0,0
517,2,0,0,0,0,0,2,0,0,0,0,0,0,0
518,1,0,0,0,0,0,0,0,1,0,0,0,0,0
519,7,0,0,0,0,0,1,0,0,0,2,0,1,0
520,1,0,0,0,0,0,1,0,0,0,1,0,0,0
521,1,0,0,0,0,0,0,0,0,0,1,0,0,0
522,1,0,0,0,0,0,1,0,0,0,1,0,0,0
523,1,0,0,0,0,0,0,0,3,0,1,0,0,0
524,2,0,0,0,0,0,4,0,2,0,1,0,0,0
525,1,0,0,0,0,0,1,0,2,0,0,0,0,0
526,1,0,0,0,0,0,0,0,1,0,2,0,1,0
527,3,0,0,0,0,0,2,0,0,0,2,0,0,0
528,1,0,0,0,0,0,0,0,0,0,0,0,0,0
529,6,0,0,0,0,0,0,0,0,0,0,0,0,0
530,1,0,0,0,0,0,1,0,0,0,5,0,0,0
531,2,0,0,0,2,0,1,0,0,0,1,0,0,0
532,1,0,0,0,0,0,0,0,0,0,0,0,0,0
533,4,0,0,0,0,0,0,0,1,0,0,0,0,0
534,1,0,0,0,0,0,1,0,0,0,0,0,0,0
535,1,0,0,0,0,0,1,0,0,0,1,0,0,0
536,1,0,0,0,0,0,1,0,0,0,1,0,0,0
537,2,0,0,0,0,0,1,0,0,0,0,0,0,0
538,1,0,0,0,0,0,1,0,0,0,0,0,0,0
539,3,0,0,0,0,0,7,0,1,0,8,0,0,0
540,5,0,0,0,0,0,1,0,0,0,1,0,1,0
541,1,0,0,0,0,0,13,0,0,0,4,0,0,0
542,1,0,0,0,0,0,0,0,0,0,0,0,0,0
543,1,0,0,0,0,0,0,0,1,0,1,0,0,0
544,2,0,0,0,0,0,0,0,1,0,0,0,1,0
545,1,0,0,0,0,0,1,0,0,0,0,0,0,0
546,3,0,0,0,0,0,1,0,0,0,1,0,0,0
547,0,0,0,0,0,0,1,0,0,0,0,0,0,0
548,1,0,0,0,0,0,0,0,1,0,0,0,0,0
549,2,0,0,0,0,0,0,0,0,0,0,0,0,0
550,0,0,0,0,0,0,1,0,0,0,0,0,0,0
551,2,0,0,0,2,0,0,0,0,0,0,0,0,0
552,1,0,0,0,0,0,1,0,0,0,0,0,0,0
553,1,0,0,0,0,0,2,0,0,0,1,0,0,0
554,6,0,0,0,0,0,0,0,0,0,0,0,0,0
555,1,0,0,0,0,0,1,0,0,0,1,0,0,0
556,1,0,0,0,0,0,1,0,0,0,1,0,0,0
557,1,0,0,0,0,0,2,0,0,0,1,0,0,0
558,2,0,0,0,4,0,1,0,0,0,1,0,0,0
559,1,0,0,0,0,0,0,0,0,0,0,0,0,0
560,4,0,0,0,0,0,1,0,1,0,0,0,0,0
561,2,0,0,0,1,0,0,0,0,0,1,0,0,0
562,4,0,0,0,0,0,0,0,2,0,2,0,0,0
563,4,0,0,0,0,0,6,0,0,0,4,0,0,0
564,1,0,0,0,0,0,0,0,1,0,1,0,0,0
565,2,0,0,0,0,0,0,0,1,0,1,0,0,0
566,1,0,0,0,0,0,0,0,1,0,0,0,0,0
567,0,0,0,0,0,0,0,0,1,0,1,0,0,0
568,0,1,0,0,0,0,1,0,0,0,1,0,0,0
569,0,0,0,0,0,0,0,0,1,0,0,0,0,0
570,1,0,0,0,1,0,0,0,1,0,0,0,0,0
571,2,0,0,0,0,0,0,0,1,0,2,0,0,0
572,1,0,0,0,0,0,2,0,0,0,1,0,0,0
573,2,0,0,0,0,0,2,0,0,0,0,0,0,0
574,2,0,0,0,0,0,0,0,1,0,1,0,0,0
575,3,0,0,0,0,0,0,0,0,0,2,0,0,0
576,2,0,0,0,0,0,1,0,0,0,3,0,0,0
577,1,0,0,0,0,0,1,0,0,0,1,0,1,0
578,3,0,0,0,0,0,1,0,1,0,5,0,0,0
579,1,0,0,0,1,0,2,0,0,0,0,0,0,0
580,4,0,0,0,0,0,0,0,0,0,0,0,1,0
581,1,0,0,0,0,0,1,0,0,0,2,0,0,0
582,6,0,0,0,0,0,1,0,0,0,0,0,0,0
583,1,0,0,0,0,0,1,0,0,0,2,0,0,0
584,1,0,0,0,0,0,1,0,1,0,1,0,0,0
585,1,0,0,0,0,0,1,0,0,0,4,0,0,0
586,2,0,0,0,0,0,0,0,0,0,0,0,0,0
587,2,0,0,0,0,0,1,0,0,0,1,0,0,0
588,2,0,0,0,0,0,0,0,1,0,1,0,0,0
589,3,0,0,0,0,0,2,0,0,0,0,0,1,0
590,1,0,0,0,0,0,3,0,0,0,1,0,0,0
591,8,0,0,0,0,0,0,0,1,0,2,0,0,0
592,1,0,0,0,0,0,10,0,3,0,0,0,0,0
593,1,0,0,0,0,0,0,0,0,0,1,0,0,0
594,4,0,0,0,0,0,0,0,1,0,1,0,0,0
595,8,0,0,0,0,0,2,0,0,0,1,0,0,0
596,1,0,0,0,0,0,1,0,1,0,0,0,0,0
597,3,0,0,0,0,0,1,0,0,0,0,0,0,0
598,2,0,0,0,0,0,1,0,0,0,1,0,0,0
599,1,0,0,0,0,0,1,0,0,0,0,0,0,0
600,1,0,0,0,0,0,0,0,3,0,1,0,0,0
601,3,0,0,0,0,0,1,0,0,0,0,0,0,0
602,1,0,0,0,0,0,1,0,0,0,1,0,0,0
603,1,0,0,0,0,0,0,0,1,0,2,0,0,0
604,1,0,0,0,0,0,0,0,1,0,1,0,0,0
605,1,0,0,0,3,0,3,0,0,0,1,0,0,0
606,2,0,0,0,1,0,0,0,1,0,0,0,0,0
607,1,0,0,0,0,0,2,0,0,0,1,0,1,1
608,3,0,0,0,0,0,2,0,0,0,1,0,0,0
609,1,0,0,0,0,0,1,0,0,0,4,0,0,0
610,4,0,0,0,4,0,2,0,0,0,0,0,0,0
611,2,0,0,0,0,0,0,0,1,0,5,0,1,0
612,1,0,0,0,0,0,1,0,0,0,0,0,0,0
613,0,0,0,0,0,0,1,0,0,0,1,0,0,0
614,1,0,0,0,0,0,1,0,0,0,1,0,0,0
615,0,0,0,0,0,0,0,0,2,0,2,0,0,0
616,4,0,0,0,1,0,0,0,0,0,1,0,0,0
617,4,0,0,0,0,0,1,0,0,0,1,0,0,0
618,1,0,0,0,0,0,1,0,0,0,0,0,0,0
619,1,0,0,0,0,0,1,0,0,0,1,0,0,0
620,1,0,0,0,0,0,2,0,1,0,1,0,0,0
621,1,0,0,0,0,0,1,0,0,0,3,0,0,0
622,1,0,0,0,0,0,0,0,1,0,0,0,0,0
623,1,0,0,0,0,0,0,0,1,0,3,0,0,0
624,1,0,0,0,0,0,2,0,0,0,1,0,0,0
625,1,0,0,0,0,0,0,0,1,0,0,0,0,0
626,0,0,0,0,0,0,1,0,0,0,2,0,0,0
627,3,0,0,0,0,0,0,0,0,0,2,0,0,0
628,6,0,0,0,0,0,1,0,0,0,1,0,0,0
629,3,0,0,0,1,0,1,0,0,0,5,0,0,0
630,0,0,0,0,7,0,2,0,3,0,0,0,0,0
631,2,0,0,0,0,0,1,0,0,0,0,0,0,0
632,3,0,0,0,0,0,0,0,2,0,0,0,0,0
633,1,0,0,0,0,0,0,0,1,0,1,0,0,0
634,5,0,0,0,1,0,0,0,1,0,0,0,0,0
635,1,0,0,0,0,0,1,0,0,0,0,0,0,0
636,2,0,0,0,0,0,1,0,0,0,0,0,0,0
637,1,0,0,0,3,0,3,0,0,0,1,0,0,0
638,1,0,0,0,0,0,1,0,0,0,0,0,0,0
639,1,0,0,0,0,0,0,0,0,0,2,0,0,0
640,0,0,0,0,2,0,0,0,0,0,0,0,0,0
641,1,0,0,0,0,0,1,0,1,0,1,0,0,0
642,1,0,0,0,0,0,0,0,1,0,2,0,0,0
643,2,0,0,0,0,0,0,0,0,0,1,0,0,0
644,1,0,0,0,0,0,12,0,0,0,1,0,0,0
645,4,0,0,0,0,0,3,0,0,0,0,0,0,0
646,1,0,0,0,0,0,1,0,0,0,2,0,0,0
647,1,0,0,0,0,0,1,0,1,0,0,0,0,0
648,0,0,0,0,2,0,1,0,0,0,1,0,0,0
649,1,0,0,0,0,0,0,0,1,0,1,0,0,0
650,2,0,0,0,0,0,1,0,0,0,0,0,0,0
651,2,0,0,0,0,0,2,0,0,0,1,0,0,0
652,1,0,0,0,0,0,4,0,0,0,1,0,0,0
653,4,0,0,0,0,0,2,0,1,0,0,0,2,0
654,1,0,0,0,0,0,1,0,0,0,0,0,0,0
655,2,0,0,0,0,0,1,0,0,0,1,0,0,0
656,1,0,0,0,3,0,1,0,0,0,11,0,0,1
657,1,0,0,0,0,0,4,0,0,0,0,0,0,0
658,1,0,0,0,0,0,0,0,3,0,0,0,0,0
659,1,0,0,0,0,0,1,0,0,0,1,0,0,0
660,1,0,0,0,0,0,0,0,1,0,1,0,0,0
661,1,0,0,0,0,0,1,0,0,0,1,0,0,0
662,2,0,0,0,0,0,0,0,0,0,1,0,1,0
663,1,0,0,0,0,0,1,0,0,0,5,0,0,0
664,3,0,0,0,0,0,0,0,0,0,0,0,0,0
665,2,0,0,0,0,0,1,0,0,0,2,0,1,0
666,6,0,0,0,0,0,2,0,0,0,2,0,2,0
667,1,0,0,0,0,0,1,0,0,0,1,0,0,0
668,2,0,0,0,0,0,1,0,0,0,1,0,0,0
669,1,0,0,0,0,0,0,0,1,0,1,0,0,0
670,1,0,0,0,0,0,1,0,0,0,0,0,0,0
671,1,0,0,0,0,0,1,0,0,0,0,0,0,0
672,5,0,0,0,0,0,0,0,1,0,0,0,0,0
673,1,0,0,0,0,0,2,0,0,0,0,0,0,0
674,1,0,0,0,0,0,3,0,0,0,0,0,0,0
675,1,0,0,0,0,0,1,0,0,0,1,0,0,0
676,1,0,0,0,0,0,1,1,0,0,0,0,0,0
677,1,0,0,0,0,0,0,0,1,0,0,0,1,0
678,2,0,0,0,0,0,3,0,0,0,2,0,0,0
679,1,0,0,0,0,0,1,0,0,0,1,0,2,0
680,3,0,0,0,0,0,0,0,1,0,1,0,0,0
681,0,0,0,0,0,0,9,0,1,0,0,0,0,0
682,1,0,0,0,0,0,1,0,0,0,0,0,0,0
683,5,0,0,0,0,0,4,0,0,0,0,0,1,0
684,5,0,0,0,0,0,0,0,1,0,3,0,1,1
685,2,0,0,0,0,0,1,0,1,0,0,0,0,0
686,1,0,0,0,0,0,1,0,0,0,0,0,0,0
687,1,0,0,0,0,0,1,0,1,0,0,0,0,0
688,1,0,0,0,1,0,1,0,0,0,3,0,0,0
689,2,0,0,0,0,0,0,0,2,0,1,0,0,0
690,3,0,0,0,0,0,1,0,0,0,1,0,0,0
691,2,0,0,0,0,0,1,0,0,0,0,0,0,0
692,1,0,0,0,0,0,5,0,0,0,1,0,0,0
693,1,0,0,0,0,0,1,0,0,0,1,0,0,0
694,3,0,0,0,0,0,0,0,1,0,2,0,1,1
695,1,0,0,0,0,0,3,0,0,0,0,0,0,0
696,0,0,0,0,0,0,2,0,0,0,0,0,0,0
697,1,0,0,0,0,0,1,0,0,0,0,0,1,0
698,4,0,0,0,0,0,1,0,0,0,1,0,0,0
699,2,0,0,0,3,0,0,0,1,0,1,0,0,0
700,8,0,0,0,0,0,0,0,1,0,2,0,0,0
701,1,0,0,0,0,0,1,0,0,0,0,0,0,0
702,1,0,0,0,0,0,2,0,0,0,1,0,0,0
703,3,0,0,0,0,0,0,0,0,0,0,0,0,0
704,1,0,0,0,0,0,1,0,0,0,0,0,0,0
705,1,0,0,0,0,0,0,0,1,0,0,0,0,0
706,6,0,0,0,0,0,1,0,0,0,0,0,0,0
707,1,0,0,0,1,0,0,0,0,0,1,0,0,0
708,1,0,0,0,0,0,1,0,0,0,2,0,0,0
709,2,0,0,0,0,0,1,0,0,0,1,0,0,0
710,2,0,0,0,0,0,1,0,0,0,1,0,0,0
711,7,0,0,0,0,0,1,0,0,0,1,0,0,0
712,2,0,0,0,0,0,1,0,0,0,0,0,0,0
713,1,0,0,0,0,0,0,0,1,0,0,0,0,0
714,1,0,0,0,0,0,4,0,0,0,0,0,0,0
715,1,0,0,0,0,0,1,0,0,0,0,0,0,0
716,1,0,0,0,0,0,0,0,0,0,2,0,0,0
717,6,0,0,0,0,0,0,0,1,0,0,0,0,0
718,1,0,0,0,0,0,7,0,0,0,2,0,0,0
719,2,0,0,0,0,0,1,0,0,0,3,0,0,0
720,3,0,0,0,0,0,0,0,1,0,4,0,0,0
721,3,0,0,0,2,0,0,0,2,0,1,0,1,0
722,2,0,0,0,0,0,0,0,1,0,0,0,0,0
723,1,0,0,0,0,0,1,0,0,0,0,0,0,0
724,1,0,0,0,0,0,3,0,7,0,2,0,0,0
725,2,0,0,0,0,0,1,0,19,1,19,0,0,0
726,1,0,0,0,0,0,0,0,0,0,0,0,0,0
727,1,0,0,0,0,0,0,0,0,0,0,0,0,0
728,1,0,0,0,0,0,2,0,0,0,1,0,0,0
729,2,0,0,0,0,0,0,0,1,0,2,0,0,0
730,1,0,0,0,0,0,0,0,0,0,1,0,0,0
731,0,0,0,0,1,0,2,0,1,0,1,0,0,0
732,0,0,0,0,0,0,3,0,0,0,0,0,0,0
733,5,0,0,0,0,0,0,0,0,0,0,0,0,0
734,3,0,0,0,0,0,1,0,0,0,2,0,0,0
735,3,0,0,0,0,0,1,0,1,0,1,0,0,0
736,1,0,0,0,0,0,0,0,0,0,1,0,0,0
737,2,0,0,0,0,0,1,0,0,0,3,0,0,0
738,3,0,0,0,0,0,2,0,0,0,1,0,0,1
739,2,0,0,0,0,0,3,0,0,0,0,0,0,0
740,1,0,0,0,0,0,1,0,0,0,0,0,0,0
741,2,0,0,0,0,0,0,0,0,0,1,0,0,0
742,1,0,0,0,0,0,1,0,0,0,2,0,0,0
743,1,0,0,0,0,0,2,0,0,0,1,0,1,0
744,1,0,0,0,0,0,4,0,0,0,0,0,0,0
745,1,0,0,0,0,0,1,0,0,0,0,0,0,0
746,1,0,0,0,1,0,0,0,1,0,0,0,0,0
747,4,0,0,0,0,0,2,0,0,0,0,0,0,0
748,1,0,0,0,0,0,1,0,1,0,0,0,0,0
749,1,0,0,0,0,0,4,0,0,0,1,0,0,0
750,2,0,0,0,0,0,5,0,0,0,1,0,0,0
751,1,0,0,0,0,0,1,0,0,0,1,0,0,0
752,9,0,0,0,0,0,2,0,0,0,0,0,0,0
753,1,0,0,0,0,0,0,0,1,0,3,0,0,0
754,2,0,0,0,0,0,0,0,0,0,0,0,0,0
755,0,0,0,0,0,0,3,0,0,0,2,0,0,0
756,1,0,0,0,0,0,2,0,0,0,4,0,0,0
757,1,0,0,0,0,0,0,0,2,0,0,0,0,0
758,3,0,0,0,0,0,0,0,1,0,0,0,0,0
759,2,0,0,0,0,0,0,0,0,0,0,0,0,0
760,1,0,0,0,0,0,0,0,0,0,0,0,0,0
761,0,0,0,0,0,0,1,0,0,0,0,0,0,0
762,2,0,0,0,0,0,2,0,0,0,1,0,0,0
763,1,0,0,0,0,0,0,0,0,0,1,0,0,0
764,1,0,0,0,0,0,0,0,1,0,1,0,0,0
765,2,0,0,0,0,0,1,0,0,0,1,0,0,0
766,1,0,0,0,0,0,2,0,0,0,1,0,0,0
767,5,0,0,0,0,0,0,0,1,0,1,0,0,0
768,1,0,0,0,0,0,1,0,0,0,1,0,0,0
769,2,0,0,0,0,0,1,0,0,0,0,0,0,0
770,1,0,0,0,0,0,1,0,0,0,0,0,0,0
771,3,0,0,0,0,0,1,0,0,0,0,0,1,0
772,0,0,0,0,0,0,1,0,1,0,9,0,0,2
773,4,0,0,0,0,0,1,0,0,0,0,0,0,0
774,1,0,0,0,0,0,1,0,0,0,0,0,0,0
775,3,0,0,0,4,0,0,0,1,0,1,0,0,0
776,1,0,0,0,0,0,0,0,0,0,0,0,0,0
777,3,0,0,0,0,0,1,0,0,0,1,0,0,0
778,5,0,0,0,0,0,1,0,0,0,6,0,0,0
779,1,0,0,0,0,0,1,0,0,0,1,0,0,0
780,1,0,0,0,0,0,0,0,3,0,0,0,0,0
781,2,0,0,0,0,0,1,0,1,0,1,0,0,0
782,0,0,0,0,0,0,1,0,0,0,3,0,0,0
783,1,0,0,0,0,0,3,0,0,0,1,0,0,0
784,1,0,0,0,0,0,1,0,0,0,1,0,1,0
785,1,0,0,0,0,0,0,0,0,0,0,0,0,0
786,1,0,0,0,0,0,1,0,0,0,0,0,0,0
787,1,0,0,0,0,0,1,0,0,0,1,0,0,0
788,1,0,0,0,0,0,1,0,0,0,0,0,0,0
789,1,0,0,0,0,0,1,0,0,0,0,0,0,0
790,6,0,0,0,0,0,1,0,0,0,0,0,0,0
791,0,0,0,0,1,0,1,0,0,0,1,0,0,0
792,1,0,0,0,0,0,2,0,0,0,2,0,0,0
793,1,0,0,0,0,0,1,0,0,0,0,0,0,0
794,1,0,0,0,0,0,2,0,0,0,3,0,1,0
795,3,0,0,0,0,0,0,0,1,0,2,0,0,0
796,2,0,0,0,0,0,1,0,0,0,0,0,0,0
797,1,0,0,0,0,0,1,0,0,0,1,0,0,0
798,1,0,0,0,0,0,0,0,1,0,1,0,0,0
799,2,0,0,0,0,0,3,0,0,0,1,0,0,0
800,1,0,0,0,0,0,0,0,1,0,0,0,0,0
801,2,0,0,0,2,0,1,0,0,0,0,0,0,0
802,2,0,0,0,0,0,0,0,1,0,1,0,0,0
803,1,0,0,0,0,0,1,0,0,0,11,0,0,1
804,1,0,0,0,0,0,0,0,0,0,2,0,0,0
805,3,0,0,0,0,0,1,0,0,0,2,0,0,0
806,1,0,0,0,0,0,1,0,0,0,2,0,0,0
807,7,0,0,0,3,0,0,0,2,0,1,0,0,0
808,3,0,0,0,0,0,0,0,1,0,0,0,0,0
809,1,0,0,0,1,0,1,0,0,0,3,0,2,0
810,1,0,0,0,0,0,1,0,0,0,4,0,0,0
811,1,0,0,0,0,0,2,0,1,0,1,0,0,0
812,6,0,0,0,0,0,0,0,1,0,1,0,0,0
813,1,0,0,0,0,0,0,0,1,0,1,0,0,0
814,1,0,0,0,0,0,0,0,1,0,1,0,0,0
815,3,0,0,0,0,0,1,0,0,0,5,0,0,0
816,1,0,0,0,0,0,2,0,0,0,2,0,0,0
817,1,0,0,0,0,0,1,0,0,0,0,0,0,0
818,1,0,0,0,0,0,0,0,1,0,0,0,0,0
819,3,0,0,0,1,0,1,0,0,0,1,0,0,0
820,1,0,0,0,0,0,0,0,2,0,0,0,1,0
821,1,0,0,0,0,0,1,0,0,0,0,0,0,0
822,1,0,0,0,0,0,0,0,0,0,2,0,0,0
823,3,0,0,0,0,0,1,0,0,0,1,0,0,0
824,5,0,0,0,0,0,0,0,1,0,0,0,0,0
825,1,0,0,0,0,0,2,0,2,0,0,0,0,0
826,2,0,0,0,0,0,3,0,0,0,1,0,0,0
827,1,0,0,0,0,0,1,0,0,0,2,0,0,0
828,5,0,0,0,0,0,0,0,0,0,1,0,0,0
829,0,0,0,0,0,0,0,0,1,0,1,0,1,0
830,4,0,0,0,0,0,2,0,2,0,1,0,0,0
831,1,0,0,0,2,0,1,0,0,0,1,0,0,0
832,2,0,0,0,0,0,1,0,0,0,0,0,0,0
833,1,0,0,0,0,0,4,0,0,0,0,0,0,0
834,0,0,0,0,0,0,0,0,1,0,0,0,0,0
835,1,0,0,0,0,0,0,0,1,0,1,0,0,0
836,2,0,0,0,0,0,1,0,0,0,1,0,0,0
837,1,0,0,0,0,0,1,0,0,0,1,0,0,0
838,1,0,0,0,0,0,3,0,0,0,1,0,0,0
839,4,0,0,0,0,0,1,0,0,0,1,0,0,0
840,1,0,0,0,0,0,0,0,1,0,1,0,0,0
841,1,0,0,0,0,0,1,0,0,0,0,0,0,0
842,1,0,0,0,2,0,1,0,0,0,1,0,0,0
843,1,0,0,0,0,0,1,0,0,0,2,0,0,0
844,2,0,0,0,1,0,0,0,2,0,0,0,0,0
845,1,0,0,0,0,0,0,0,3,0,1,0,0,0
846,1,0,0,0,0,0,0,0,1,0,3,0,0,0
847,1,0,0,0,0,0,1,0,1,0,0,0,0,0
848,2,0,0,0,0,0,1,0,3,0,1,0,0,0
849,1,0,0,0,0,0,1,0,0,0,0,0,0,0
850,1,0,0,0,0,0,0,0,0,0,1,0,0,0
851,0,0,0,0,3,0,0,0,0,0,0,0,0,0
852,4,0,1,0,0,0,0,0,3,0,1,0,0,0
853,4,0,0,0,1,0,0,0,1,0,5,0,0,0
854,1,0,0,0,0,0,1,0,0,0,0,0,0,0
855,2,0,0,0,0,0,2,0,0,0,0,0,0,0
856,2,0,0,0,0,0,7,0,0,0,0,0,0,0
857,1,0,0,0,1,0,1,0,0,0,0,0,0,0
858,1,0,0,0,0,0,1,0,0,0,0,0,0,0
859,1,0,0,0,0,0,2,0,1,0,1,0,0,0
860,0,0,0,0,0,0,1,0,0,0,3,0,0,0
861,2,0,0,0,1,0,1,0,0,0,1,0,0,0
862,3,0,0,0,1,0,1,0,1,0,2,0,0,0
863,1,0,0,0,0,0,1,0,0,0,0,0,0,0
864,4,0,0,0,0,0,1,0,0,0,2,0,0,0
865,0,0,0,0,9,0,1,0,0,0,0,0,0,0
866,0,0,0,0,0,0,0,0,0,0,2,0,0,0
867,1,0,0,0,0,0,0,0,1,0,1,0,0,0
868,5,0,0,0,0,0,1,0,1,0,1,0,0,0
869,4,0,0,0,0,0,0,0,1,0,0,0,0,0
870,2,0,0,0,0,0,7,0,0,0,6,0,0,0
871,0,0,0,0,0,0,0,0,0,0,0,0,0,0
872,1,0,0,0,1,0,0,0,1,0,2,0,0,0
873,3,0,0,0,0,0,1,0,0,0,1,0,0,0
874,2,0,0,0,0,0,1,0,0,0,1,0,0,0
875,3,0,0,0,0,0,1,0,0,0,1,0,0,0
876,2,0,0,0,0,0,0,0,0,0,0,0,0,0
877,6,0,0,0,1,0,1,0,0,0,0,0,0,0
878,0,0,0,0,0,0,1,0,0,0,1,0,0,0
879,1,0,0,0,0,0,0,0,1,0,1,0,0,0
880,3,0,0,0,0,0,0,0,0,0,2,0,0,0
881,2,0,0,0,0,0,0,0,1,0,0,0,0,0
882,3,0,0,0,1,0,1,0,0,0,0,0,1,0
883,5,0,0,0,0,0,1,0,0,0,0,0,0,0
884,4,0,0,0,2,0,1,0,0,0,1,0,0,0
885,1,0,0,0,0,0,1,0,0,0,2,0,0,0
886,1,0,0,0,0,0,1,0,0,0,0,0,0,0
887,0,0,0,0,0,0,0,0,0,0,1,0,0,0
888,1,0,0,0,0,0,3,0,3,0,0,0,0,0
889,5,0,0,0,0,0,0,0,1,0,1,0,0,0
890,1,0,0,0,0,0,2,0,0,0,2,0,2,0
891,4,0,0,0,1,0,0,0,1,0,0,0,0,0
892,1,0,0,0,0,0,1,0,0,0,0,0,0,0
893,7,0,0,0,2,0,2,0,0,0,0,0,0,0
894,1,0,0,0,1,0,0,0,1,0,0,0,0,0
895,2,0,0,0,0,0,1,0,1,0,1,0,0,0
896,1,0,0,0,2,0,0,0,2,0,1,0,0,0
897,1,0,0,0,2,0,1,0,0,0,0,0,0,0
898,1,0,0,0,0,0,3,0,0,0,2,0,0,0
899,14,0,0,0,0,0,2,0,0,0,1,0,0,0
900,0,0,0,0,0,0,0,0,1,0,0,0,0,0
901,1,0,0,0,0,0,1,0,0,0,0,0,0,0
902,5,0,0,0,0,0,2,0,0,0,0,0,0,0
903,2,0,0,0,0,0,0,0,0,0,3,0,0,0
904,0,0,0,0,0,0,1,0,0,0,0,0,0,0
905,1,0,0,0,0,0,0,0,0,0,3,0,0,0
906,1,0,0,0,0,0,2,0,0,0,2,0,0,0
907,2,0,0,0,1,0,2,0,0,0,3,0,0,0
908,3,0,0,0,0,0,0,0,0,0,0,0,0,0
909,0,0,0,0,0,0,6,0,0,0,0,0,0,0
910,1,0,0,0,0,0,0,0,2,0,1,0,0,0
911,3,0,0,0,0,0,1,0,0,0,2,0,0,0
912,1,0,0,0,0,0,1,0,0,0,1,0,0,0
913,1,0,0,0,0,0,1,0,0,0,1,0,0,0
914,6,0,0,0,0,0,1,0,0,0,1,0,0,0
915,3,0,0,0,0,0,1,0,0,0,0,0,0,0
916,1,0,0,0,0,0,1,0,0,0,1,0,0,0
917,3,0,0,0,0,0,4,0,0,0,0,0,0,0
918,1,0,0,0,0,0,3,0,0,0,0,0,0,0
919,1,0,0,0,0,0,1,0,0,0,0,0,0,0
920,2,0,0,0,1,0,0,0,1,0,1,0,0,0
921,4,0,0,0,0,0,0,0,0,0,1,0,0,0
922,1,0,0,0,0,0,1,0,0,0,1,0,0,0
923,1,0,0,0,0,0,1,0,0,0,1,0,0,0
924,1,0,0,0,0,0,11,0,0,0,3,0,0,0
925,1,0,0,0,0,0,0,0,0,0,0,0,0,0
926,5,0,0,0,0,0,0,0,1,0,0,0,0,0
927,0,0,0,0,0,0,0,0,0,0,0,0,0,0
928,2,0,0,0,0,0,1,0,0,0,1,0,0,0
929,1,0,0,0,0,0,4,0,0,0,6,0,0,0
930,2,0,0,0,0,0,0,0,0,0,0,0,0,0
931,2,0,0,0,5,0,1,0,1,0,1,0,0,0
932,2,0,0,0,0,0,0,0,0,0,1,0,0,0
933,4,0,0,0,0,0,1,0,0,0,1,0,1,0
934,4,0,0,0,0,0,1,0,0,0,1,0,0,0
935,1,0,0,0,0,0,1,0,0,0,1,0,0,0
936,2,0,0,0,0,0,1,0,0,0,1,0,0,0
937,1,0,0,0,0,0,4,0,0,0,0,0,1,0
938,1,0,0,0,1,0,1,0,0,0,0,0,0,0
939,2,0,0,0,0,0,1,0,0,0,2,0,0,0
940,1,0,0,0,0,0,1,0,0,0,1,0,0,0
941,6,0,0,0,0,0,1,0,0,0,1,0,1,0
942,2,0,0,0,0,0,2,0,4,0,1,0,0,0
943,1,0,0,0,0,0,2,0,0,0,2,0,0,0
944,1,0,0,0,0,0,1,0,0,0,6,0,0,1
945,1,0,0,0,0,0,0,0,0,0,1,0,0,0
946,1,0,0,0,0,0,0,0,1,0,0,0,0,0
947,1,0,0,0,0,0,1,0,0,0,1,0,0,0
948,1,0,0,0,0,0,0,0,1,0,0,0,0,0
949,2,0,0,0,0,0,1,0,0,0,0,0,0,1
950,0,0,0,0,0,0,0,0,0,0,0,0,0,0
951,1,0,0,0,0,0,1,0,1,0,2,0,0,0
952,1,0,0,0,0,0,0,0,0,0,0,0,0,0
953,2,0,0,0,1,0,1,0,0,0,0,0,0,0
954,6,0,0,0,0,0,0,0,0,0,0,0,3,0
955,1,0,0,0,0,0,0,0,0,0,1,0,0,0
956,5,0,0,0,0,0,1,0,0,0,1,0,0,0
957,1,0,0,0,0,0,1,0,1,0,0,0,0,0
958,1,0,0,0,0,0,0,0,1,0,1,0,0,0
959,2,0,0,0,0,0,0,0,0,0,0,0,0,0
960,3,0,0,0,0,0,0,0,4,0,0,0,0,0
961,3,0,0,0,0,0,0,0,0,0,0,0,0,0
962,2,0,0,0,0,0,1,0,0,0,0,0,0,0
963,2,0,0,0,0,0,1,0,0,0,0,0,0,0
964,0,0,0,0,0,0,0,0,0,0,3,0,0,0
965,3,0,0,0,0,0,1,0,0,0,0,0,0,0
966,1,0,0,0,0,0,0,0,0,0,0,0,0,0
967,1,0,0,0,0,0,1,0,0,0,0,0,0,0
968,0,0,0,0,2,0,1,0,0,0,2,0,0,0
969,1,0,0,0,4,0,0,0,1,0,0,0,0,0
970,2,0,0,0,0,0,1,0,0,0,0,0,0,0
971,9,0,0,0,0,0,1,0,0,0,2,0,0,0
972,1,0,0,0,0,0,1,0,0,0,0,0,0,0
973,6,0,0,0,1,0,0,0,1,0,2,0,0,0
974,2,0,0,0,0,0,1,0,0,0,0,0,0,0
975,1,0,0,0,0,0,0,0,1,0,0,0,0,0
976,2,0,0,0,0,0,4,0,0,0,6,0,0,0
977,1,0,0,0,0,0,1,0,0,0,1,0,0,0
978,1,0,0,0,0,0,1,0,0,0,2,0,0,0
979,5,0,0,0,0,0,2,0,0,0,1,0,0,0
980,1,0,0,0,0,0,5,0,1,0,2,0,0,0
981,0,0,0,0,0,0,0,0,0,0,0,0,0,0
982,3,0,0,0,0,0,1,0,0,0,2,0,0,0
983,1,0,0,0,0,0,0,0,1,0,1,0,0,0
984,5,0,0,0,0,0,0,0,0,0,0,0,0,0
985,2,0,0,0,0,0,3,0,3,0,0,0,0,0
986,1,0,0,0,0,0,1,0,0,0,1,0,0,0
987,3,0,0,0,0,0,1,0,3,0,0,0,0,0
988,6,0,0,0,0,0,0,0,1,0,1,0,0,0
989,1,0,0,0,0,0,0,0,1,0,1,0,1,0
990,2,0,0,0,0,0,1,0,0,0,0,0,0,0
991,3,0,0,0,0,0,0,0,1,0,1,0,0,0
992,1,0,0,0,0,0,0,0,1,0,0,0,0,0
993,0,0,0,0,0,0,1,0,0,0,1,0,0,0
994,1,0,0,0,0,0,1,0,1,0,0,0,0,0
995,2,0,0,0,0,0,1,0,0,0,0,0,0,0
996,2,0,0,0,0,0,0,0,1,0,1,0,0,0
997,2,0,0,0,0,0,1,0,0,0,1,0,0,0
998,2,0,0,0,3,0,0,0,0,0,0,0,0,0
999,4,0,0,0,0,0,1,0,0,0,0,0,0,0
1000,5,0,0,0,0,0,1,0,0,0,1,0,0,0
1001,1,0,0,0,0,0,1,0,0,0,0,0,0,0
1002,8,0,0,0,0,0,1,0,0,0,2,0,0,0
1003,3,0,0,0,0,0,5,0,0,0,1,0,0,0
1004,3,0,0,0,0,0,1,0,0,0,2,0,0,0
1005,0,0,0,0,0,0,0,0,0,0,0,0,0,0
1006,3,0,0,0,0,0,2,0,0,0,1,0,0,0
1007,3,0,0,0,0,0,1,0,0,0,1,0,0,0
1008,0,0,0,0,0,0,0,0,0,0,3,0,0,0
1009,1,0,0,0,0,0,1,0,0,0,3,0,0,0
1010,1,0,0,0,0,0,0,0,1,0,0,0,0,0
1011,3,0,0,0,0,0,0,0,0,0,1,0,0,0
1012,2,0,0,0,0,0,0,0,0,0,0,0,0,0
1013,1,0,0,0,0,0,1,0,0,0,1,0,0,0
1014,0,0,0,0,0,0,0,0,0,0,0,0,0,0
1015,1,0,0,0,0,0,2,0,1,0,3,0,0,0
1016,3,0,0,0,4,0,1,0,0,0,0,0,0,0
1017,0,0,0,0,0,0,0,0,0,0,1,0,0,0
1018,0,0,0,0,0,0,0,0,0,0,2,0,0,0
1019,1,0,0,0,0,0,1,0,0,0,0,0,0,0
1020,1,0,0,0,0,0,2,0,0,0,1,0,0,0
1021,4,0,0,0,0,0,1,0,0,0,1,0,0,0
1022,2,0,0,0,0,0,0,0,0,0,4,0,0,0
1023,4,0,0,0,0,0,0,0,1,0,13,0,0,0
1024,2,0,0,0,0,0,1,0,0,0,1,0,0,0
1025,0,0,0,0,3,0,0,0,1,0,0,0,0,0
1026,4,0,0,0,0,0,0,0,0,0,0,0,0,0
1027,1,0,0,0,0,0,0,0,0,0,0,0,0,0
1028,1,0,0,0,0,0,1,0,0,0,0,0,0,0
1029,2,0,0,0,0,0,1,0,0,0,1,0,0,0
1030,2,0,0,0,0,0,1,0,0,0,1,0,0,0
1031,1,0,0,0,0,0,1,0,0,0,3,0,0,0
1032,1,0,0,0,0,0,2,0,0,0,2,0,0,0
1033,0,0,0,0,0,0,0,0,0,0,0,0,0,0
1034,2,0,0,0,0,0,0,0,0,0,0,0,0,0
1035,1,0,0,0,0,0,0,0,0,0,1,0,0,0
1036,1,0,0,0,0,0,0,0,0,0,2,0,0,0
1037,0,0,0,0,0,0,1,0,0,0,0,0,0,0
1038,5,0,0,0,0,0,0,0,0,0,0,0,0,0
1039,1,0,0,0,1,0,0,0,0,0,0,0,0,0
1040,1,0,0,0,0,0,3,0,0,0,2,0,0,0
1041,1,0,0,0,0,0,1,0,0,0,3,0,0,0
1042,1,0,0,0,0,0,1,0,0,0,0,0,0,0
1043,10,0,0,0,0,0,0,0,0,0,1,0,0,0
1044,0,0,0,0,0,0,0,0,0,0,1,0,0,0
1045,3,0,0,0,1,0,1,0,0,0,1,0,0,1
1046,1,0,0,0,2,0,0,0,1,0,0,0,0,0
1047,0,0,0,0,0,0,0,0,0,0,0,0,0,0
1048,5,0,0,0,0,0,0,0,1,0,0,0,0,0
1049,0,0,0,0,1,0,0,0,1,0,0,0,0,0
1050,1,0,0,0,0,0,0,0,0,0,0,0,0,0
1051,1,0,0,0,0,0,1,0,0,0,0,0,0,0
1052,5,0,0,0,0,0,5,0,1,0,0,0,0,0
1053,3,0,0,0,0,0,2,0,0,0,0,0,0,0
1054,1,0,0,0,0,0,0,0,1,0,1,0,0,0
1055,1,0,0,0,0,0,1,0,0,0,1,0,0,0
1056,1,0,0,0,0,0,0,0,0,0,1,0,0,0
1057,0,0,0,0,0,0,0,0,1,0,1,0,0,0
1058,1,0,0,0,0,0,0,0,0,0,1,0,0,0
1059,4,0,0,0,0,0,7,0,0,0,0,0,0,0
1060,1,0,0,0,0,0,1,0,0,0,1,0,0,0
1061,1,0,0,0,0,0,1,0,0,0,4,0,0,0
1062,1,0,0,0,0,0,6,0,0,0,0,0,0,0
1063,1,0,0,0,0,0,0,0,1,0,0,0,0,0
1064,3,0,0,0,0,0,7,0,6,0,3,0,0,0
1065,0,0,0,0,0,0,2,0,0,0,0,0,0,0
1066,4,0,0,0,0,0,1,0,1,0,1,0,0,0
1067,4,0,0,0,0,0,0,0,0,0,1,0,0,0
1068,6,0,0,0,0,0,0,0,1,0,4,0,0,0
1069,1,0,0,0,0,0,1,0,0,0,1,0,0,0
1070,1,0,0,0,0,0,3,0,0,0,1,0,0,0
1071,3,0,0,0,0,0,1,0,0,0,0,0,0,0
1072,1,0,0,0,3,0,1,0,1,0,0,0,0,0
1073,1,0,0,0,0,0,1,0,0,0,1,0,0,0
1074,1,0,0,0,0,0,1,0,0,0,0,0,0,0
1075,1,0,0,0,0,0,1,0,0,0,0,0,0,0
1076,2,0,0,0,0,0,0,0,1,0,3,0,0,0
1077,6,0,0,0,1,0,0,0,1,0,5,0,0,0
1078,1,0,0,0,0,0,0,0,1,0,0,0,0,0
1079,1,0,0,0,0,0,0,0,1,0,2,0,0,0
1080,2,0,0,0,0,0,0,0,0,0,0,0,0,0
1081,0,1,0,0,0,0,6,0,0,0,0,0,0,0
1082,2,0,0,0,0,0,4,0,0,0,0,0,0,0
1083,0,0,0,0,0,0,0,0,0,0,0,0,0,0
1084,1,0,0,0,0,0,7,0,0,0,4,0,0,0
1085,1,0,0,0,0,0,0,0,3,0,2,0,0,0
1086,2,0,0,0,1,0,1,0,0,0,0,0,0,0
1087,3,0,0,0,0,0,1,0,0,0,0,0,0,0
1088,4,0,0,0,4,0,0,0,0,0,1,0,0,0
1089,1,0,0,0,3,0,1,0,0,0,1,0,0,0
1090,1,0,0,0,0,0,1,0,0,0,0,0,2,0
1091,2,0,0,0,0,0,1,0,0,0,0,0,0,0
1092,3,0,0,0,1,0,0,0,0,0,0,0,0,0
1093,2,0,0,0,0,0,0,0,2,0,1,0,1,0
1094,0,0,0,0,0,0,0,0,1,0,7,0,0,0
1095,4,0,0,0,0,0,0,0,1,0,1,0,0,0
1096,4,0,0,0,1,0,0,0,0,0,1,0,0,0
1097,1,0,0,0,0,0,1,0,0,0,1,0,0,0
1098,1,0,0,0,0,0,0,0,0,0,0,0,0,0
1099,2,0,0,0,2,0,1,0,0,0,1,0,0,0
1100,1,0,0,0,0,0,1,0,0,0,1,0,0,0
1101,1,0,0,0,0,0,1,0,0,0,0,0,0,0
1102,0,0,0,0,0,0,0,0,0,0,1,0,0,0
1103,1,0,0,0,0,0,1,0,0,0,1,0,0,0
1104,1,0,0,0,0,0,1,0,0,0,1,0,0,0
1105,3,0,0,0,0,0,0,0,1,0,1,0,0,0
1106,1,0,0,0,0,0,1,0,0,0,1,0,0,0
1107,1,0,0,0,0,0,1,0,0,0,3,0,1,0
1108,1,0,0,0,0,0,1,0,0,0,1,0,0,0
1109,0,0,0,0,0,0,0,0,1,0,2,0,0,0
1110,1,0,0,0,0,0,0,0,1,0,3,0,0,0
1111,5,0,0,0,0,0,3,0,0,0,0,0,0,0
1112,1,0,0,0,0,0,1,0,0,0,0,0,0,0
1113,1,0,0,0,0,0,1,0,0,0,1,0,0,0
1114,1,0,0,0,0,0,1,0,0,0,1,0,0,0
1115,2,0,0,0,0,0,0,0,0,0,0,0,0,0
1116,1,0,0,0,0,0,0,0,0,0,1,0,0,0
1117,1,0,0,0,0,0,4,0,1,0,0,0,0,0
1118,1,0,0,0,0,0,0,0,1,0,1,0,0,0
1119,2,0,0,0,8,0,4,0,0,0,0,0,0,0
1120,2,0,0,0,1,0,5,0,0,0,2,0,0,0
1121,2,0,0,0,0,0,0,0,0,0,2,0,0,0
1122,1,0,0,0,0,0,1,0,0,0,0,0,0,0
1123,1,0,0,0,0,0,0,0,1,0,0,0,0,0
1124,2,0,0,0,0,0,1,0,0,0,0,0,0,0
1125,2,0,0,0,0,0,0,0,1,0,2,0,0,0
1126,1,0,0,0,0,0,1,0,0,0,1,0,0,0
1127,1,0,0,0,0,0,1,0,0,0,0,0,0,0
1128,0,0,0,0,0,0,1,0,0,0,2,0,0,0
1129,1,0,0,0,0,0,1,0,0,0,1,0,0,0
1130,1,0,0,0,0,0,0,0,1,0,0,0,0,0
1131,1,0,0,0,0,0,0,0,2,0,1,0,0,0
1132,2,0,0,0,0,0,0,0,1,0,0,0,0,0
1133,4,0,0,0,0,0,1,0,0,0,1,0,0,0
1134,1,0,0,0,0,0,1,0,0,0,1,0,0,0
1135,0,0,0,0,0,0,1,0,0,0,1,0,0,0
1136,2,0,0,0,0,0,0,0,0,0,0,0,0,0
1137,1,0,0,0,0,0,1,0,0,0,1,0,0,0
1138,5,0,0,0,0,0,1,0,0,0,2,0,0,0
1139,0,0,0,0,0,0,0,0,0,0,0,0,0,0
1140,1,0,0,0,0,0,1,0,0,0,0,0,0,0
1141,1,0,0,0,0,0,1,0,0,0,0,0,0,0
1142,2,0,0,0,0,0,1,0,0,0,0,0,1,0
1143,1,0,0,0,0,0,1,0,0,0,0,0,0,0
1144,1,0,0,0,0,0,0,0,0,0,0,0,0,0
1145,2,0,0,0,0,0,1,0,0,0,1,0,0,0
1146,1,0,0,0,0,0,0,0,0,0,0,0,0,0
1147,3,0,0,0,0,0,1,0,0,0,1,0,0,0
1148,1,0,0,0,0,0,1,0,0,0,8,0,0,0
1149,3,0,0,0,0,0,1,0,0,0,1,0,0,0
1150,1,0,0,0,0,0,1,0,0,0,0,0,0,0
1151,1,0,0,0,0,0,0,0,3,0,1,0,0,0
1152,1,0,0,0,0,0,1,0,0,0,0,0,0,0
1153,2,0,0,0,0,0,0,0,0,0,1,0,0,0
1154,4,0,0,0,0,0,0,0,0,0,1,0,0,0
1155,0,0,0,0,0,0,0,0,0,0,0,0,0,0
1156,6,0,0,0,0,0,2,0,1,0,2,0,0,0
1157,1,0,0,0,4,0,1,0,0,0,0,0,0,0
1158,1,0,0,0,0,0,0,0,1,0,3,0,0,0
1159,1,0,0,0,0,0,0,0,1,0,0,0,0,0
1160,3,0,0,0,0,0,0,0,1,0,1,0,0,0
1161,1,0,0,0,0,0,1,0,0,0,1,0,0,0
1162,2,0,0,0,0,0,0,0,1,0,0,0,0,0
1163,1,0,0,0,0,0,0,0,1,0,1,0,0,0
1164,1,0,0,0,0,0,2,0,0,0,2,0,0,0
1165,0,0,0,0,0,0,1,0,0,0,2,0,0,0
1166,5,0,0,0,0,0,2,0,0,0,0,0,0,0
1167,1,0,0,0,0,0,0,0,0,0,0,0,0,1
1168,2,0,0,0,0,0,9,0,0,0,0,0,0,0
1169,2,0,0,0,0,0,7,0,0,0,0,0,0,0
1170,0,0,0,0,0,0,0,0,0,0,1,0,0,0
1171,1,0,0,0,0,0,2,0,0,0,2,0,0,0
1172,2,0,0,0,0,0,1,0,0,0,2,0,0,0
1173,3,0,0,0,0,0,1,0,0,0,0,0,0,0
1174,4,0,0,0,0,0,1,0,0,0,0,0,0,0
1175,3,0,0,0,0,0,3,0,0,0,3,0,0,0
1176,1,0,0,0,0,0,0,0,1,0,1,0,0,0
1177,1,0,0,0,0,0,1,0,0,0,1,0,0,0
1178,1,0,0,0,0,0,3,0,0,0,0,0,0,0
1179,1,0,0,0,0,0,2,0,0,0,0,0,0,0
1180,1,0,0,0,0,0,3,0,1,0,1,0,0,0
1181,2,0,0,0,0,0,1,0,0,0,0,0,0,0
1182,1,0,0,0,1,0,0,0,1,0,1,0,0,0
1183,1,0,0,0,0,0,1,0,0,0,1,0,0,0
1184,5,0,0,0,0,0,1,0,0,0,2,0,0,0
1185,3,0,0,0,1,0,0,0,0,0,0,0,0,0
1186,0,0,0,0,0,0,0,0,0,0,0,0,0,0
1187,0,0,0,0,0,0,3,0,0,0,1,0,0,0
1188,1,0,0,0,0,0,3,0,0,0,1,0,0,0
1189,1,0,0,0,0,0,1,0,0,0,1,0,0,0
1190,2,0,0,0,0,0,1,0,0,0,1,0,0,0
1191,1,0,0,0,0,0,1,0,0,0,1,0,0,0
1192,1,0,0,0,0,0,3,0,1,0,1,0,0,0
1193,0,0,0,0,0,0,0,0,1,0,0,0,0,0
1194,0,0,0,0,0,0,0,0,0,0,1,0,0,0
1195,1,0,0,0,0,0,1,0,0,0,2,0,0,0
1196,2,0,0,0,0,0,0,0,1,0,2,0,0,0
1197,1,0,0,0,0,0,2,0,0,0,1,0,0,0
1198,1,0,0,0,0,0,0,0,0,0,0,0,0,0
1199,1,0,0,0,0,0,4,0,0,0,1,0,0,0
1200,1,0,0,0,0,0,1,0,1,0,2,0,0,0
1201,1,0,0,0,0,0,2,0,0,0,1,0,0,0
1202,3,0,0,0,0,0,1,0,0,0,0,0,1,0
1203,3,0,0,0,0,0,0,0,0,0,0,0,0,0
1204,1,0,0,0,0,0,1,0,0,0,1,0,1,0
1205,2,0,0,0,0,0,0,0,1,0,1,0,0,0
1206,2,0,0,0,0,0,1,0,0,0,1,0,0,0
1207,0,0,0,0,0,0,0,0,0,0,2,0,0,0
1208,2,0,0,0,0,0,1,0,0,0,2,0,0,0
1209,4,0,0,0,0,0,0,0,2,0,1,0,0,0
1210,1,0,0,0,0,0,1,0,0,0,5,0,0,0
1211,7,0,0,0,1,0,5,0,0,0,0,0,0,0
1212,1,0,0,0,0,0,0,0,2,0,0,0,0,0
1213,2,0,0,0,0,0,13,0,3,0,0,0,1,0
1214,2,0,0,0,1,0,1,0,0,0,1,0,0,0
1215,1,0,0,0,2,0,0,0,0,0,1,0,0,0
1216,1,0,0,0,0,0,1,0,0,0,1,0,0,0
1217,4,0,0,0,0,0,1,0,0,0,0,0,0,0
1218,2,0,0,0,1,0,0,0,2,0,1,0,0,0
1219,2,0,0,0,0,0,1,0,0,0,0,0,0,0
1220,1,0,0,0,0,0,1,0,0,0,0,0,0,0
1221,3,0,0,0,0,0,1,0,0,0,2,0,0,0
1222,2,0,0,0,0,0,3,0,0,0,1,0,0,0
1223,1,0,0,0,0,0,1,0,0,0,1,0,0,0
1224,0,0,0,0,0,0,1,0,0,0,0,0,0,0
1225,2,0,0,0,0,0,0,0,2,0,1,0,0,0
1226,1,0,0,0,0,0,1,0,0,0,0,0,0,0
1227,5,0,0,0,0,0,1,0,0,0,1,0,0,0
1228,1,0,0,0,0,0,1,0,0,0,0,0,0,0
1229,0,0,0,0,0,0,1,0,0,0,0,0,0,0
1230,2,0,0,0,0,0,1,0,0,0,0,0,0,0
1231,1,0,0,0,0,0,1,0,0,0,0,0,0,0
1232,2,0,0,0,0,0,1,0,0,0,1,0,0,0
1233,1,0,0,0,0,0,2,0,0,0,0,0,0,0
1234,2,0,0,0,0,0,0,0,5,0,0,0,0,0
1235,3,0,0,0,0,0,1,0,0,0,0,0,0,0
1236,1,0,0,0,0,0,0,0,1,0,0,0,0,0
1237,1,0,0,0,0,0,0,0,4,0,0,0,0,0
1238,1,0,0,0,0,0,1,0,0,0,0,0,0,0
1239,1,0,0,0,0,0,0,0,1,0,0,0,0,0
1240,0,0,0,0,0,0,0,0,2,0,1,0,0,0
1241,1,0,0,0,0,0,3,0,0,0,1,0,0,0
1242,3,0,0,0,0,0,2,0,0,0,1,0,0,0
1243,3,0,0,0,0,0,0,0,1,0,4,0,0,0
1244,1,0,0,0,0,0,1,0,0,0,1,0,0,0
1245,0,0,0,0,0,0,1,0,0,0,1,0,0,0
1246,1,0,0,0,0,0,0,0,0,0,1,0,0,0
1247,2,0,0,0,0,0,1,0,0,0,1,0,0,0
1248,2,0,0,0,0,0,1,0,0,0,1,0,0,0
1249,5,0,0,0,0,0,2,0,0,0,1,0,0,0
1250,1,0,0,0,0,0,4,0,2,0,0,0,0,0
1251,1,0,0,0,0,0,2,0,0,0,1,0,0,0
1252,1,0,0,0,0,0,1,0,0,0,1,0,0,0
1253,2,0,0,0,0,0,1,0,0,0,0,0,0,0
1254,2,0,0,0,0,0,2,0,1,0,1,0,0,0
1255,1,0,0,0,0,0,1,0,0,0,1,0,0,0
1256,3,0,0,0,0,0,1,0,0,0,2,0,0,0
1257,1,0,0,0,0,0,1,0,0,0,1,0,0,0
1258,2,0,0,0,12,0,2,0,0,0,1,0,0,0
1259,2,0,0,0,7,0,2,0,0,0,0,0,0,0
1260,0,0,0,0,0,0,0,0,1,0,0,0,0,0
1261,1,0,0,0,0,0,1,0,0,0,0,0,0,0
1262,2,0,0,0,0,0,1,0,0,0,1,0,0,0
1263,3,0,0,0,0,0,1,0,0,0,0,0,0,0
1264,4,0,0,0,0,0,0,0,1,0,1,0,0,0
1265,5,0,0,0,0,0,0,0,0,0,1,0,1,0
1266,1,0,0,0,0,0,0,0,1,0,1,0,0,0
1267,1,0,0,0,0,0,1,0,0,0,0,0,0,0
1268,6,0,0,0,0,0,0,0,1,0,0,0,0,0
1269,1,0,0,0,0,0,2,0,1,0,1,0,0,0
1270,0,0,0,0,0,0,0,0,0,0,0,0,0,0
1271,1,0,0,0,0,0,0,0,0,0,1,0,0,1
1272,5,0,0,0,0,0,1,0,0,0,0,0,0,0
1273,2,0,0,0,0,0,1,0,0,0,0,0,0,0
1274,0,0,0,0,0,0,0,0,1,0,0,0,0,0
1275,3,0,0,0,0,0,1,0,0,0,1,0,0,0
1276,4,0,0,0,0,0,1,0,0,0,1,0,0,0
1277,2,0,0,0,0,0,2,0,0,0,2,0,0,0
1278,1,0,0,0,5,0,1,0,0,0,1,0,0,0
1279,1,0,0,0,0,0,1,0,1,0,1,0,0,0
1280,1,0,0,0,0,0,0,0,0,0,0,0,0,0
1281,5,0,0,0,0,0,0,0,2,0,0,0,0,0
1282,1,0,0,0,0,0,1,0,0,0,1,0,0,0
1283,0,0,0,0,0,0,2,0,0,0,1,0,0,0
1284,2,0,0,0,0,0,0,0,1,0,0,0,0,0
1285,3,0,0,0,0,0,6,0,0,0,8,0,0,0
1286,2,0,0,0,0,0,1,0,0,0,1,0,0,0
1287,1,0,0,0,0,0,1,0,0,0,1,0,1,0
1288,2,0,0,0,0,0,0,0,0,0,0,0,1,1
1289,2,0,0,0,0,0,0,0,1,0,1,0,0,0
1290,6,0,0,0,0,0,0,0,1,0,1,0,0,0
1291,1,0,0,0,0,0,4,0,0,0,1,0,0,0
1292,1,0,0,0,0,0,1,0,0,0,1,0,0,0
1293,1,0,0,0,0,0,0,0,0,0,0,0,0,0
1294,1,0,0,0,3,0,1,0,0,0,0,0,0,0
1295,1,0,0,0,0,0,0,0,0,0,0,0,0,0
1296,2,0,0,0,0,0,4,0,0,0,3,0,0,0
1297,1,0,0,0,2,0,0,0,1,0,0,0,0,0
1298,1,0,0,0,0,0,1,0,0,0,1,0,0,0
1299,1,0,0,0,0,0,0,0,2,0,1,0,0,0
1300,3,0,0,0,0,0,0,0,1,0,1,0,0,0
1301,1,0,0,0,0,0,0,0,1,0,1,0,0,0
1302,1,0,0,0,0,0,1,0,0,0,5,0,0,0
1303,1,0,0,0,0,0,1,0,0,0,0,0,0,0
1304,1,0,0,0,0,0,0,0,1,0,0,0,0,0
1305,3,0,0,0,0,0,0,0,0,0,0,0,0,0
1306,3,0,0,0,0,0,0,0,1,0,0,0,0,0
1307,4,0,0,0,0,0,1,0,0,0,0,0,1,0
1308,1,0,0,0,2,0,0,0,0,0,1,0,1,0
1309,1,0,0,0,1,0,0,0,0,0,0,0,2,0
1310,4,0,0,0,0,0,0,0,0,0,0,0,0,0
1311,0,0,0,0,0,0,3,0,0,0,2,0,0,0
1312,0,0,0,0,0,0,0,0,0,0,0,0,0,0
1313,1,0,0,0,1,0,0,0,1,0,1,0,0,0
1314,3,0,0,0,0,0,1,0,0,0,1,0,0,0
1315,1,0,0,0,0,0,0,0,0,0,1,0,0,0
1316,1,0,0,0,0,0,0,0,1,0,0,0,0,0
1317,0,0,0,0,0,0,0,0,0,0,0,0,0,0
1318,4,0,0,0,0,0,1,0,0,0,1,0,0,0
1319,2,0,0,0,2,0,0,0,1,0,0,0,0,0
1320,0,1,0,0,0,0,0,0,1,0,1,0,0,0
1321,1,0,0,0,0,0,1,0,0,0,0,0,0,0
1322,0,0,0,0,0,0,1,0,0,0,0,0,0,0
1323,1,0,0,0,0,0,2,0,0,0,0,0,0,0
1324,2,0,0,0,0,0,1,0,0,0,1,0,0,0
1325,0,0,0,0,0,0,0,0,0,0,0,0,0,0
1326,0,0,0,0,2,0,0,0,0,0,3,0,0,0
1327,2,0,0,0,0,0,0,0,0,0,0,0,0,0
1328,1,0,0,0,0,0,3,0,0,0,0,0,0,0
1329,2,0,0,0,0,0,0,0,2,0,1,0,0,0
1330,0,0,0,0,0,0,0,0,0,0,0,0,0,0
1331,0,0,0,0,0,0,1,0,0,0,1,0,0,0
1332,3,0,0,0,0,0,0,0,1,0,2,0,0,0
1333,1,0,0,0,0,0,1,0,0,0,1,0,0,0
1334,1,0,0,0,0,0,1,0,1,0,0,0,0,0
1335,1,0,0,0,0,0,1,0,0,0,0,0,0,0
1336,1,0,0,0,0,0,1,0,0,0,2,0,0,0
1337,2,0,0,0,0,0,1,0,0,0,0,0,0,0
1338,0,0,0,0,0,0,0,0,0,0,0,0,0,0
1339,0,0,0,0,0,0,0,0,0,0,0,0,0,0
1340,2,0,0,0,1,0,1,0,1,0,1,0,0,0
1341,3,0,0,0,0,0,1,0,0,0,0,0,0,0
1342,1,0,0,0,0,0,2,0,1,0,2,0,0,0
1343,2,0,0,0,0,0,1,0,0,0,2,0,0,0
1344,0,0,0,0,0,0,0,0,0,0,0,0,0,0
1345,1,0,0,0,2,0,1,0,0,0,1,0,0,0
1346,1,0,0,0,0,0,3,0,0,0,1,0,0,0
1347,2,0,0,1,0,0,1,0,0,0,1,0,0,0
1348,4,0,0,0,0,0,0,0,0,0,1,0,0,0
1349,2,0,0,0,0,0,0,0,1,0,1,0,0,0
1350,1,0,0,0,0,0,2,0,0,0,0,0,0,0
1351,1,0,0,0,0,0,0,0,0,0,0,0,0,0
1352,2,0,0,0,0,0,1,0,0,0,0,0,0,0
1353,4,0,0,0,0,0,2,0,1,0,1,0,0,0
1354,1,0,0,0,0,0,0,0,0,0,1,0,0,0
1355,3,0,0,0,0,0,0,0,0,0,4,0,0,0
1356,1,0,0,0,0,0,0,0,1,0,2,0,0,0
1357,0,0,0,0,0,0,1,0,0,0,0,0,0,0
1358,1,0,0,0,0,0,3,0,0,0,1,0,0,0
1359,1,0,0,0,0,0,1,0,0,0,1,0,0,0
1360,2,0,0,0,1,0,0,0,1,0,1,0,0,0
1361,1,0,0,0,0,0,2,0,0,0,0,0,0,0
1362,2,0,0,0,0,0,1,0,0,0,1,0,0,0
1363,1,0,0,0,0,0,1,0,0,0,1,0,0,0
1364,0,0,0,0,3,0,0,0,1,0,0,0,0,0
1365,0,0,0,0,0,0,1,0,0,0,0,0,0,0
1366,1,0,0,0,0,0,5,0,0,0,0,0,0,0
1367,3,0,0,0,1,0,1,0,0,0,2,0,0,0
1368,0,0,0,0,0,0,0,0,2,0,2,0,0,0
1369,0,0,0,0,0,0,0,0,0,0,0,0,0,0
1370,1,0,0,0,0,0,1,0,0,0,1,0,0,0
1371,4,0,0,0,1,0,0,0,0,0,1,0,0,0
1372,2,0,0,0,2,0,2,0,1,0,2,0,0,0
1373,1,0,0,0,0,0,0,0,1,0,2,0,0,0
1374,1,0,0,0,0,0,0,0,0,0,3,0,0,0
1375,1,0,0,0,0,0,1,0,0,0,1,0,0,0
1376,3,0,0,0,0,0,0,0,1,0,0,0,0,0
1377,5,0,0,0,0,0,0,0,0,0,1,0,0,0
1378,1,0,0,0,1,0,2,0,0,0,0,0,0,0
1379,1,0,0,0,0,0,1,0,0,0,0,0,0,0
1380,0,0,0,0,1,0,0,0,0,0,0,0,0,0
1381,0,0,0,0,0,0,1,0,0,0,2,0,0,0
1382,2,0,0,0,0,0,0,0,1,0,2,0,0,0
1383,0,0,0,0,2,0,2,0,0,0,0,0,0,0
1384,0,0,0,0,1,0,1,0,1,0,0,0,0,0
1385,3,0,0,0,0,0,1,0,0,0,3,0,0,0
1386,4,0,0,0,1,0,0,0,1,0,1,0,0,0
1387,1,0,0,0,0,0,1,0,0,0,0,0,0,0
1388,1,0,0,0,0,0,0,0,1,0,3,0,0,0
1389,2,0,0,0,0,0,0,0,0,0,1,0,1,0
1390,3,0,0,0,0,0,0,0,3,0,2,0,0,0
1391,1,0,0,0,0,0,1,0,0,0,0,0,0,0
1392,1,0,0,0,0,0,1,0,0,0,0,0,0,0
1393,0,0,0,0,0,0,1,0,0,0,0,0,0,0
1394,2,0,0,0,0,0,0,0,0,0,1,0,0,0
1395,3,0,0,0,0,0,1,0,0,0,1,0,0,0
1396,1,0,0,0,0,0,2,0,0,0,1,0,0,0
1397,4,0,0,0,0,0,0,0,0,0,0,0,0,0
1398,2,0,0,0,1,0,1,0,0,0,0,0,0,0
1399,4,0,0,0,0,0,1,0,0,0,0,0,0,0
1400,2,0,0,0,0,0,0,0,0,0,1,0,0,0
1401,2,0,0,0,0,0,0,0,1,0,3,0,0,0
1402,1,0,0,0,0,0,1,0,0,0,0,0,0,0
1403,2,0,0,0,4,0,0,0,0,0,0,0,0,0
1404,0,0,0,0,0,0,0,0,1,0,0,0,0,0
1405,1,0,0,0,0,0,1,0,0,0,5,0,0,0
1406,1,0,0,0,0,0,0,0,0,0,0,0,0,0
1407,1,0,0,0,0,0,1,0,0,0,0,0,0,0
1408,1,0,0,0,0,0,1,0,0,0,1,0,0,0
1409,0,0,0,0,0,0,1,0,0,0,1,0,0,0
1410,2,0,0,0,0,0,1,0,0,0,4,0,0,0
1411,2,0,0,0,0,0,0,0,0,0,1,0,0,0
1412,0,0,0,0,0,0,0,0,0,0,0,0,0,0
1413,2,0,0,0,4,0,1,0,0,0,0,0,1,0
1414,0,0,0,0,0,0,0,0,0,0,0,0,0,0
1415,3,0,0,0,0,0,1,0,0,0,0,0,0,0
1416,1,0,0,0,0,0,1,0,0,0,1,0,0,0
1417,3,0,0,0,0,0,0,0,1,0,0,0,0,0
1418,0,0,0,0,0,0,1,0,0,0,1,0,0,0
1419,8,0,0,0,0,0,1,0,0,0,2,0,0,0
1420,4,0,0,0,0,0,1,0,0,0,0,0,1,0
1421,5,0,0,0,0,0,0,0,1,0,2,0,0,0
1422,2,0,0,0,0,0,0,0,0,0,1,0,0,0
1423,1,0,0,0,0,0,1,0,0,0,3,0,0,0
1424,1,0,0,0,0,0,0,0,1,0,1,0,0,0
1425,4,0,0,0,12,0,0,0,0,0,0,0,0,0
1426,1,0,0,0,0,0,1,0,0,0,1,0,0,0
1427,4,0,0,0,0,0,0,0,0,0,0,0,0,0
1428,0,0,0,0,0,0,0,0,0,0,0,0,0,0
1429,1,0,0,0,0,0,0,0,1,0,1,0,0,0
1430,1,0,0,0,0,0,1,0,0,0,0,0,0,0
1431,3,0,0,0,0,0,0,0,0,0,0,0,0,0
1432,0,1,0,0,0,0,0,0,1,0,0,0,0,0
1433,7,0,0,0,0,0,0,0,0,0,1,0,0,0
1434,2,0,0,0,0,0,8,0,0,0,0,0,0,0
1435,3,0,0,0,0,0,1,0,0,0,1,0,0,0
1436,2,0,0,0,0,0,2,0,0,0,2,0,0,0
1437,2,0,0,0,0,0,0,0,1,0,1,0,0,0
1438,2,0,0,0,3,0,0,0,0,0,1,0,0,0
1439,1,0,0,0,0,0,0,0,1,0,1,0,0,0
1440,5,0,0,0,2,0,0,0,0,0,1,0,0,0
1441,1,0,0,0,0,0,0,0,1,0,2,0,0,0
1442,2,0,0,0,3,0,0,0,0,0,0,0,0,0
1443,1,0,0,0,0,0,1,0,0,0,0,0,0,0
1444,2,0,0,0,0,0,3,0,0,0,2,0,0,0
1445,1,0,0,0,0,0,0,0,0,0,1,0,0,0
1446,0,0,0,0,0,0,0,0,1,0,0,0,0,0
1447,1,0,0,0,0,0,0,0,0,0,0,0,0,0
1448,3,0,0,0,1,0,0,0,0,0,0,0,0,0
1449,3,0,0,0,0,0,1,0,0,0,1,0,0,0
1450,2,0,0,0,0,0,1,0,0,0,0,0,0,0
1451,0,0,0,0,0,0,0,0,0,0,0,0,0,0
1452,0,0,0,0,0,0,0,0,0,0,0,0,0,0
1453,2,0,0,0,0,0,0,0,0,0,1,0,0,0
1454,0,0,0,0,0,0,0,0,0,0,0,0,0,0
1455,1,0,0,0,0,0,0,0,0,0,0,0,0,0
1456,0,0,0,0,0,0,0,0,0,0,0,0,0,0
1457,1,0,0,0,0,0,0,0,1,0,1,0,0,0
1458,3,0,0,0,0,0,4,0,0,0,4,0,0,0
1459,1,0,0,0,2,0,0,0,0,0,0,0,0,0
1460,4,0,0,0,0,0,1,0,0,0,2,0,0,0
1461,1,0,0,0,0,0,0,0,0,0,0,0,0,0
1462,5,0,0,0,0,0,1,0,0,0,0,0,0,0
1463,4,0,0,0,0,0,0,0,0,0,1,0,0,0
1464,3,0,0,0,0,0,1,0,0,0,0,0,0,0
1465,1,0,0,0,0,0,1,0,0,0,0,0,0,0
1466,3,0,0,0,0,0,0,0,0,0,1,0,0,0
1467,3,0,0,0,0,0,0,0,0,0,0,0,0,0
1468,0,0,0,0,0,0,0,0,0,0,0,0,0,0
1469,2,0,0,0,3,1,1,0,0,0,0,0,1,0
1470,0,0,0,0,0,0,0,0,0,0,0,0,0,0
1471,0,0,0,0,0,0,0,0,0,0,0,0,0,0
1472,2,0,0,0,0,0,1,0,0,0,1,0,0,0
1473,1,0,0,0,0,0,1,0,0,0,0,0,0,0
1474,1,0,0,0,0,0,0,0,0,0,3,0,0,0
1475,3,0,0,0,0,0,0,0,1,0,1,0,0,0
1476,0,0,0,0,0,0,0,0,0,0,0,0,0,0
1477,1,0,0,0,0,0,1,0,0,0,2,0,0,0
1478,1,0,0,0,0,0,2,0,0,0,4,0,0,0
1479,0,0,0,0,0,0,0,0,0,0,0,0,0,0
1480,3,0,0,0,0,0,1,0,0,0,0,0,0,0
1481,3,0,0,0,0,0,0,0,0,0,1,0,0,0
1482,3,0,0,0,0,0,0,0,0,0,0,0,0,0
1483,1,0,0,0,0,0,1,0,0,0,0,0,0,0
1484,1,0,0,0,0,0,0,0,1,0,1,0,0,0
1485,0,0,0,0,0,0,0,0,0,0,0,0,0,0
1486,9,0,0,0,0,0,1,0,0,0,1,0,0,0
1487,4,0,0,0,0,0,0,0,0,0,2,0,0,0
1488,0,0,0,0,0,0,1,0,0,0,1,0,0,0
1489,2,0,0,0,0,0,0,0,0,0,0,0,0,0
1490,0,0,0,0,0,0,0,0,0,0,0,0,0,0
1491,1,0,0,0,0,0,1,0,0,0,3,0,1,0
1492,0,0,0,0,0,0,0,0,0,0,0,0,0,0
1493,1,0,0,0,0,0,1,0,0,0,0,0,0,0
1494,1,0,0,0,0,0,1,0,0,0,1,0,0,0
1495,8,0,0,0,1,0,1,0,0,0,1,0,0,0
1496,1,0,0,0,0,0,1,0,0,0,2,0,0,0
1497,4,0,0,0,0,0,1,0,0,0,1,0,0,0
1498,0,0,0,0,0,0,1,0,0,0,4,0,0,0
1499,5,0,0,0,0,0,1,0,0,0,0,0,0,0
1500,1,0,0,0,0,0,1,0,0,0,0,0,0,0
1501,1,0,0,0,0,0,0,0,1,0,0,0,0,0
1502,4,0,0,0,0,0,1,0,0,0,1,0,0,0
1503,1,0,0,0,0,0,1,0,0,0,2,0,0,0
1504,4,0,0,0,0,0,1,0,0,0,1,0,1,0
1505,1,0,0,0,0,0,0,0,0,0,0,0,0,0
1506,1,0,0,0,0,0,0,0,0,0,1,0,0,0
1507,0,3,0,0,0,0,1,0,0,0,1,0,0,0
1508,1,0,0,0,0,0,0,0,0,0,0,0,0,0
1509,0,0,0,0,1,0,0,0,0,0,0,0,0,0
1510,1,0,0,0,0,0,1,0,0,0,1,0,0,0
1511,1,0,0,0,0,0,1,0,0,0,14,0,1,0
1512,2,0,0,0,0,0,1,0,0,0,2,0,0,0
1513,1,0,0,0,0,0,0,0,0,0,0,0,0,0
1514,1,0,0,0,0,0,1,0,0,0,1,0,0,0
1515,1,0,0,0,0,0,1,0,0,0,1,0,0,0
1516,6,0,0,0,0,0,0,0,0,0,1,0,1,0
1517,3,0,0,0,0,0,0,0,0,0,1,0,0,0
1518,1,0,0,0,0,0,1,0,0,0,1,0,0,0
1519,1,0,0,0,0,0,1,0,0,0,4,0,0,0
1520,1,0,0,0,0,0,1,0,0,0,2,0,0,0
1521,1,0,0,0,0,0,2,0,0,0,3,0,0,0
1522,2,0,0,0,0,0,0,0,0,0,0,0,0,0
1523,2,0,0,0,0,0,1,0,0,0,1,0,0,0
1524,2,0,0,0,0,0,1,0,0,0,0,0,0,0
1525,4,0,0,0,0,0,1,0,0,0,1,0,0,0
1526,4,0,0,0,0,0,1,0,0,0,1,0,0,0
1527,1,0,0,0,0,0,0,0,0,0,0,0,0,0
1528,1,0,0,0,0,0,1,0,0,0,1,0,0,0
1529,1,0,0,0,0,0,1,0,0,0,1,0,0,0
1530,1,0,0,0,0,0,1,0,0,0,2,0,0,0
1531,2,0,0,0,2,0,1,0,1,0,0,0,0,0
1532,1,0,0,0,0,0,1,0,0,0,0,0,0,0
1533,4,0,0,0,0,0,2,0,0,0,1,0,0,0
1534,2,0,0,0,0,0,0,0,0,0,0,0,0,0
1535,4,0,0,0,1,0,0,0,1,0,0,0,0,0
1536,1,0,0,0,0,0,2,0,0,0,1,0,1,0
1537,0,0,0,0,0,0,0,0,0,0,0,0,0,0
1538,4,0,0,0,1,0,1,0,0,0,2,0,0,0
